Statistik_Code,Statistik_Label,Zeit_Code,Zeit_Label,Zeit,1_Merkmal_Code,1_Merkmal_Label,1_Auspraegung_Code,1_Auspraegung_Label,2_Merkmal_Code,2_Merkmal_Label,2_Auspraegung_Code,2_Auspraegung_Label,3_Merkmal_Code,3_Merkmal_Label,3_Auspraegung_Code,3_Auspraegung_Label,BEV027__Auslaender__Anzahl
12521,Ausländerstatistik,STAG,Stichtag,31.12.2021,DLAND,Bundesländer,08,Baden-Württemberg,GES,Geschlecht,GESM,männlich,STAAG6,Staatsangehörigkeit,,Insgesamt,998975
12521,Ausländerstatistik,STAG,Stichtag,31.12.2021,DLAND,Bundesländer,08,Baden-Württemberg,GES,Geschlecht,GESM,männlich,STAAG6,Staatsangehörigkeit,ST124,Belgien,1295
12521,Ausländerstatistik,STAG,Stichtag,31.12.2021,DLAND,Bundesländer,08,Baden-Württemberg,GES,Geschlecht,GESM,männlich,STAAG6,Staatsangehörigkeit,ST126,Dänemark,605
12521,Ausländerstatistik,STAG,Stichtag,31.12.2021,DLAND,Bundesländer,08,Baden-Württemberg,GES,Geschlecht,GESM,männlich,STAAG6,Staatsangehörigkeit,ST129,Frankreich,15220
12521,Ausländerstatistik,STAG,Stichtag,31.12.2021,DLAND,Bundesländer,08,Baden-Württemberg,GES,Geschlecht,GESM,männlich,STAAG6,Staatsangehörigkeit,ST148,Niederlande,4350
12521,Ausländerstatistik,STAG,Stichtag,31.12.2021,DLAND,Bundesländer,08,Baden-Württemberg,GES,Geschlecht,GESM,männlich,STAAG6,Staatsangehörigkeit,ST151,Österreich,13665
12521,Ausländerstatistik,STAG,Stichtag,31.12.2021,DLAND,Bundesländer,08,Baden-Württemberg,GES,Geschlecht,GESM,männlich,STAAG6,Staatsangehörigkeit,ST152,Polen,44410
12521,Ausländerstatistik,STAG,Stichtag,31.12.2021,DLAND,Bundesländer,08,Baden-Württemberg,GES,Geschlecht,GESM,männlich,STAAG6,Staatsangehörigkeit,ST158,Schweiz,5800
12521,Ausländerstatistik,STAG,Stichtag,31.12.2021,DLAND,Bundesländer,08,Baden-Württemberg,GES,Geschlecht,GESM,männlich,STAAG6,Staatsangehörigkeit,ST164,Tschechien,2915
12521,Ausländerstatistik,STAG,Stichtag,31.12.2021,DLAND,Bundesländer,08,Baden-Württemberg,GES,Geschlecht,GESW,weiblich,STAAG6,Staatsangehörigkeit,,Insgesamt,886945
12521,Ausländerstatistik,STAG,Stichtag,31.12.2021,DLAND,Bundesländer,08,Baden-Württemberg,GES,Geschlecht,GESW,weiblich,STAAG6,Staatsangehörigkeit,ST124,Belgien,1225
12521,Ausländerstatistik,STAG,Stichtag,31.12.2021,DLAND,Bundesländer,08,Baden-Württemberg,GES,Geschlecht,GESW,weiblich,STAAG6,Staatsangehörigkeit,ST126,Dänemark,640
12521,Ausländerstatistik,STAG,Stichtag,31.12.2021,DLAND,Bundesländer,08,Baden-Württemberg,GES,Geschlecht,GESW,weiblich,STAAG6,Staatsangehörigkeit,ST129,Frankreich,14320
12521,Ausländerstatistik,STAG,Stichtag,31.12.2021,DLAND,Bundesländer,08,Baden-Württemberg,GES,Geschlecht,GESW,weiblich,STAAG6,Staatsangehörigkeit,ST148,Niederlande,3565
12521,Ausländerstatistik,STAG,Stichtag,31.12.2021,DLAND,Bundesländer,08,Baden-Württemberg,GES,Geschlecht,GESW,weiblich,STAAG6,Staatsangehörigkeit,ST151,Österreich,12745
12521,Ausländerstatistik,STAG,Stichtag,31.12.2021,DLAND,Bundesländer,08,Baden-Württemberg,GES,Geschlecht,GESW,weiblich,STAAG6,Staatsangehörigkeit,ST152,Polen,39460
12521,Ausländerstatistik,STAG,Stichtag,31.12.2021,DLAND,Bundesländer,08,Baden-Württemberg,GES,Geschlecht,GESW,weiblich,STAAG6,Staatsangehörigkeit,ST158,Schweiz,7710
12521,Ausländerstatistik,STAG,Stichtag,31.12.2021,DLAND,Bundesländer,08,Baden-Württemberg,GES,Geschlecht,GESW,weiblich,STAAG6,Staatsangehörigkeit,ST164,Tschechien,3845
12521,Ausländerstatistik,STAG,Stichtag,31.12.2021,DLAND,Bundesländer,08,Baden-Württemberg,GES,Geschlecht,,Insgesamt,STAAG6,Staatsangehörigkeit,,Insgesamt,1885925
12521,Ausländerstatistik,STAG,Stichtag,31.12.2021,DLAND,Bundesländer,08,Baden-Württemberg,GES,Geschlecht,,Insgesamt,STAAG6,Staatsangehörigkeit,ST124,Belgien,2520
12521,Ausländerstatistik,STAG,Stichtag,31.12.2021,DLAND,Bundesländer,08,Baden-Württemberg,GES,Geschlecht,,Insgesamt,STAAG6,Staatsangehörigkeit,ST126,Dänemark,1245
12521,Ausländerstatistik,STAG,Stichtag,31.12.2021,DLAND,Bundesländer,08,Baden-Württemberg,GES,Geschlecht,,Insgesamt,STAAG6,Staatsangehörigkeit,ST129,Frankreich,29540
12521,Ausländerstatistik,STAG,Stichtag,31.12.2021,DLAND,Bundesländer,08,Baden-Württemberg,GES,Geschlecht,,Insgesamt,STAAG6,Staatsangehörigkeit,ST148,Niederlande,7915
12521,Ausländerstatistik,STAG,Stichtag,31.12.2021,DLAND,Bundesländer,08,Baden-Württemberg,GES,Geschlecht,,Insgesamt,STAAG6,Staatsangehörigkeit,ST151,Österreich,26405
12521,Ausländerstatistik,STAG,Stichtag,31.12.2021,DLAND,Bundesländer,08,Baden-Württemberg,GES,Geschlecht,,Insgesamt,STAAG6,Staatsangehörigkeit,ST152,Polen,83870
12521,Ausländerstatistik,STAG,Stichtag,31.12.2021,DLAND,Bundesländer,08,Baden-Württemberg,GES,Geschlecht,,Insgesamt,STAAG6,Staatsangehörigkeit,ST158,Schweiz,13510
12521,Ausländerstatistik,STAG,Stichtag,31.12.2021,DLAND,Bundesländer,08,Baden-Württemberg,GES,Geschlecht,,Insgesamt,STAAG6,Staatsangehörigkeit,ST164,Tschechien,6765
12521,Ausländerstatistik,STAG,Stichtag,31.12.2021,DLAND,Bundesländer,09,Bayern,GES,Geschlecht,GESM,männlich,STAAG6,Staatsangehörigkeit,,Insgesamt,1103215
12521,Ausländerstatistik,STAG,Stichtag,31.12.2021,DLAND,Bundesländer,09,Bayern,GES,Geschlecht,GESM,männlich,STAAG6,Staatsangehörigkeit,ST124,Belgien,1530
12521,Ausländerstatistik,STAG,Stichtag,31.12.2021,DLAND,Bundesländer,09,Bayern,GES,Geschlecht,GESM,männlich,STAAG6,Staatsangehörigkeit,ST126,Dänemark,1075
12521,Ausländerstatistik,STAG,Stichtag,31.12.2021,DLAND,Bundesländer,09,Bayern,GES,Geschlecht,GESM,männlich,STAAG6,Staatsangehörigkeit,ST129,Frankreich,11405
12521,Ausländerstatistik,STAG,Stichtag,31.12.2021,DLAND,Bundesländer,09,Bayern,GES,Geschlecht,GESM,männlich,STAAG6,Staatsangehörigkeit,ST148,Niederlande,5605
12521,Ausländerstatistik,STAG,Stichtag,31.12.2021,DLAND,Bundesländer,09,Bayern,GES,Geschlecht,GESM,männlich,STAAG6,Staatsangehörigkeit,ST151,Österreich,43275
12521,Ausländerstatistik,STAG,Stichtag,31.12.2021,DLAND,Bundesländer,09,Bayern,GES,Geschlecht,GESM,männlich,STAAG6,Staatsangehörigkeit,ST152,Polen,66085
12521,Ausländerstatistik,STAG,Stichtag,31.12.2021,DLAND,Bundesländer,09,Bayern,GES,Geschlecht,GESM,männlich,STAAG6,Staatsangehörigkeit,ST158,Schweiz,3245
12521,Ausländerstatistik,STAG,Stichtag,31.12.2021,DLAND,Bundesländer,09,Bayern,GES,Geschlecht,GESM,männlich,STAAG6,Staatsangehörigkeit,ST164,Tschechien,12160
12521,Ausländerstatistik,STAG,Stichtag,31.12.2021,DLAND,Bundesländer,09,Bayern,GES,Geschlecht,GESW,weiblich,STAAG6,Staatsangehörigkeit,,Insgesamt,948290
12521,Ausländerstatistik,STAG,Stichtag,31.12.2021,DLAND,Bundesländer,09,Bayern,GES,Geschlecht,GESW,weiblich,STAAG6,Staatsangehörigkeit,ST124,Belgien,1415
12521,Ausländerstatistik,STAG,Stichtag,31.12.2021,DLAND,Bundesländer,09,Bayern,GES,Geschlecht,GESW,weiblich,STAAG6,Staatsangehörigkeit,ST126,Dänemark,1055
12521,Ausländerstatistik,STAG,Stichtag,31.12.2021,DLAND,Bundesländer,09,Bayern,GES,Geschlecht,GESW,weiblich,STAAG6,Staatsangehörigkeit,ST129,Frankreich,11700
12521,Ausländerstatistik,STAG,Stichtag,31.12.2021,DLAND,Bundesländer,09,Bayern,GES,Geschlecht,GESW,weiblich,STAAG6,Staatsangehörigkeit,ST148,Niederlande,4250
12521,Ausländerstatistik,STAG,Stichtag,31.12.2021,DLAND,Bundesländer,09,Bayern,GES,Geschlecht,GESW,weiblich,STAAG6,Staatsangehörigkeit,ST151,Österreich,42090
12521,Ausländerstatistik,STAG,Stichtag,31.12.2021,DLAND,Bundesländer,09,Bayern,GES,Geschlecht,GESW,weiblich,STAAG6,Staatsangehörigkeit,ST152,Polen,51740
12521,Ausländerstatistik,STAG,Stichtag,31.12.2021,DLAND,Bundesländer,09,Bayern,GES,Geschlecht,GESW,weiblich,STAAG6,Staatsangehörigkeit,ST158,Schweiz,3850
12521,Ausländerstatistik,STAG,Stichtag,31.12.2021,DLAND,Bundesländer,09,Bayern,GES,Geschlecht,GESW,weiblich,STAAG6,Staatsangehörigkeit,ST164,Tschechien,14235
12521,Ausländerstatistik,STAG,Stichtag,31.12.2021,DLAND,Bundesländer,09,Bayern,GES,Geschlecht,,Insgesamt,STAAG6,Staatsangehörigkeit,,Insgesamt,2051505
12521,Ausländerstatistik,STAG,Stichtag,31.12.2021,DLAND,Bundesländer,09,Bayern,GES,Geschlecht,,Insgesamt,STAAG6,Staatsangehörigkeit,ST124,Belgien,2950
12521,Ausländerstatistik,STAG,Stichtag,31.12.2021,DLAND,Bundesländer,09,Bayern,GES,Geschlecht,,Insgesamt,STAAG6,Staatsangehörigkeit,ST126,Dänemark,2130
12521,Ausländerstatistik,STAG,Stichtag,31.12.2021,DLAND,Bundesländer,09,Bayern,GES,Geschlecht,,Insgesamt,STAAG6,Staatsangehörigkeit,ST129,Frankreich,23100
12521,Ausländerstatistik,STAG,Stichtag,31.12.2021,DLAND,Bundesländer,09,Bayern,GES,Geschlecht,,Insgesamt,STAAG6,Staatsangehörigkeit,ST148,Niederlande,9855
12521,Ausländerstatistik,STAG,Stichtag,31.12.2021,DLAND,Bundesländer,09,Bayern,GES,Geschlecht,,Insgesamt,STAAG6,Staatsangehörigkeit,ST151,Österreich,85365
12521,Ausländerstatistik,STAG,Stichtag,31.12.2021,DLAND,Bundesländer,09,Bayern,GES,Geschlecht,,Insgesamt,STAAG6,Staatsangehörigkeit,ST152,Polen,117825
12521,Ausländerstatistik,STAG,Stichtag,31.12.2021,DLAND,Bundesländer,09,Bayern,GES,Geschlecht,,Insgesamt,STAAG6,Staatsangehörigkeit,ST158,Schweiz,7095
12521,Ausländerstatistik,STAG,Stichtag,31.12.2021,DLAND,Bundesländer,09,Bayern,GES,Geschlecht,,Insgesamt,STAAG6,Staatsangehörigkeit,ST164,Tschechien,26395
12521,Ausländerstatistik,STAG,Stichtag,31.12.2021,DLAND,Bundesländer,11,Berlin,GES,Geschlecht,GESM,männlich,STAAG6,Staatsangehörigkeit,,Insgesamt,444155
12521,Ausländerstatistik,STAG,Stichtag,31.12.2021,DLAND,Bundesländer,11,Berlin,GES,Geschlecht,GESM,männlich,STAAG6,Staatsangehörigkeit,ST124,Belgien,1400
12521,Ausländerstatistik,STAG,Stichtag,31.12.2021,DLAND,Bundesländer,11,Berlin,GES,Geschlecht,GESM,männlich,STAAG6,Staatsangehörigkeit,ST126,Dänemark,1720
12521,Ausländerstatistik,STAG,Stichtag,31.12.2021,DLAND,Bundesländer,11,Berlin,GES,Geschlecht,GESM,männlich,STAAG6,Staatsangehörigkeit,ST129,Frankreich,11220
12521,Ausländerstatistik,STAG,Stichtag,31.12.2021,DLAND,Bundesländer,11,Berlin,GES,Geschlecht,GESM,männlich,STAAG6,Staatsangehörigkeit,ST148,Niederlande,4555
12521,Ausländerstatistik,STAG,Stichtag,31.12.2021,DLAND,Bundesländer,11,Berlin,GES,Geschlecht,GESM,männlich,STAAG6,Staatsangehörigkeit,ST151,Österreich,6955
12521,Ausländerstatistik,STAG,Stichtag,31.12.2021,DLAND,Bundesländer,11,Berlin,GES,Geschlecht,GESM,männlich,STAAG6,Staatsangehörigkeit,ST152,Polen,32690
12521,Ausländerstatistik,STAG,Stichtag,31.12.2021,DLAND,Bundesländer,11,Berlin,GES,Geschlecht,GESM,männlich,STAAG6,Staatsangehörigkeit,ST158,Schweiz,1590
12521,Ausländerstatistik,STAG,Stichtag,31.12.2021,DLAND,Bundesländer,11,Berlin,GES,Geschlecht,GESM,männlich,STAAG6,Staatsangehörigkeit,ST164,Tschechien,1265
12521,Ausländerstatistik,STAG,Stichtag,31.12.2021,DLAND,Bundesländer,11,Berlin,GES,Geschlecht,GESW,weiblich,STAAG6,Staatsangehörigkeit,,Insgesamt,404250
12521,Ausländerstatistik,STAG,Stichtag,31.12.2021,DLAND,Bundesländer,11,Berlin,GES,Geschlecht,GESW,weiblich,STAAG6,Staatsangehörigkeit,ST124,Belgien,1135
12521,Ausländerstatistik,STAG,Stichtag,31.12.2021,DLAND,Bundesländer,11,Berlin,GES,Geschlecht,GESW,weiblich,STAAG6,Staatsangehörigkeit,ST126,Dänemark,1755
12521,Ausländerstatistik,STAG,Stichtag,31.12.2021,DLAND,Bundesländer,11,Berlin,GES,Geschlecht,GESW,weiblich,STAAG6,Staatsangehörigkeit,ST129,Frankreich,11380
12521,Ausländerstatistik,STAG,Stichtag,31.12.2021,DLAND,Bundesländer,11,Berlin,GES,Geschlecht,GESW,weiblich,STAAG6,Staatsangehörigkeit,ST148,Niederlande,3330
12521,Ausländerstatistik,STAG,Stichtag,31.12.2021,DLAND,Bundesländer,11,Berlin,GES,Geschlecht,GESW,weiblich,STAAG6,Staatsangehörigkeit,ST151,Österreich,7070
12521,Ausländerstatistik,STAG,Stichtag,31.12.2021,DLAND,Bundesländer,11,Berlin,GES,Geschlecht,GESW,weiblich,STAAG6,Staatsangehörigkeit,ST152,Polen,34165
12521,Ausländerstatistik,STAG,Stichtag,31.12.2021,DLAND,Bundesländer,11,Berlin,GES,Geschlecht,GESW,weiblich,STAAG6,Staatsangehörigkeit,ST158,Schweiz,1835
12521,Ausländerstatistik,STAG,Stichtag,31.12.2021,DLAND,Bundesländer,11,Berlin,GES,Geschlecht,GESW,weiblich,STAAG6,Staatsangehörigkeit,ST164,Tschechien,1620
12521,Ausländerstatistik,STAG,Stichtag,31.12.2021,DLAND,Bundesländer,11,Berlin,GES,Geschlecht,,Insgesamt,STAAG6,Staatsangehörigkeit,,Insgesamt,848400
12521,Ausländerstatistik,STAG,Stichtag,31.12.2021,DLAND,Bundesländer,11,Berlin,GES,Geschlecht,,Insgesamt,STAAG6,Staatsangehörigkeit,ST124,Belgien,2540
12521,Ausländerstatistik,STAG,Stichtag,31.12.2021,DLAND,Bundesländer,11,Berlin,GES,Geschlecht,,Insgesamt,STAAG6,Staatsangehörigkeit,ST126,Dänemark,3475
12521,Ausländerstatistik,STAG,Stichtag,31.12.2021,DLAND,Bundesländer,11,Berlin,GES,Geschlecht,,Insgesamt,STAAG6,Staatsangehörigkeit,ST129,Frankreich,22600
12521,Ausländerstatistik,STAG,Stichtag,31.12.2021,DLAND,Bundesländer,11,Berlin,GES,Geschlecht,,Insgesamt,STAAG6,Staatsangehörigkeit,ST148,Niederlande,7885
12521,Ausländerstatistik,STAG,Stichtag,31.12.2021,DLAND,Bundesländer,11,Berlin,GES,Geschlecht,,Insgesamt,STAAG6,Staatsangehörigkeit,ST151,Österreich,14025
12521,Ausländerstatistik,STAG,Stichtag,31.12.2021,DLAND,Bundesländer,11,Berlin,GES,Geschlecht,,Insgesamt,STAAG6,Staatsangehörigkeit,ST152,Polen,66855
12521,Ausländerstatistik,STAG,Stichtag,31.12.2021,DLAND,Bundesländer,11,Berlin,GES,Geschlecht,,Insgesamt,STAAG6,Staatsangehörigkeit,ST158,Schweiz,3425
12521,Ausländerstatistik,STAG,Stichtag,31.12.2021,DLAND,Bundesländer,11,Berlin,GES,Geschlecht,,Insgesamt,STAAG6,Staatsangehörigkeit,ST164,Tschechien,2885
12521,Ausländerstatistik,STAG,Stichtag,31.12.2021,DLAND,Bundesländer,12,Brandenburg,GES,Geschlecht,GESM,männlich,STAAG6,Staatsangehörigkeit,,Insgesamt,83740
12521,Ausländerstatistik,STAG,Stichtag,31.12.2021,DLAND,Bundesländer,12,Brandenburg,GES,Geschlecht,GESM,männlich,STAAG6,Staatsangehörigkeit,ST124,Belgien,130
12521,Ausländerstatistik,STAG,Stichtag,31.12.2021,DLAND,Bundesländer,12,Brandenburg,GES,Geschlecht,GESM,männlich,STAAG6,Staatsangehörigkeit,ST126,Dänemark,95
12521,Ausländerstatistik,STAG,Stichtag,31.12.2021,DLAND,Bundesländer,12,Brandenburg,GES,Geschlecht,GESM,männlich,STAAG6,Staatsangehörigkeit,ST129,Frankreich,495
12521,Ausländerstatistik,STAG,Stichtag,31.12.2021,DLAND,Bundesländer,12,Brandenburg,GES,Geschlecht,GESM,männlich,STAAG6,Staatsangehörigkeit,ST148,Niederlande,715
12521,Ausländerstatistik,STAG,Stichtag,31.12.2021,DLAND,Bundesländer,12,Brandenburg,GES,Geschlecht,GESM,männlich,STAAG6,Staatsangehörigkeit,ST151,Österreich,740
12521,Ausländerstatistik,STAG,Stichtag,31.12.2021,DLAND,Bundesländer,12,Brandenburg,GES,Geschlecht,GESM,männlich,STAAG6,Staatsangehörigkeit,ST152,Polen,13980
12521,Ausländerstatistik,STAG,Stichtag,31.12.2021,DLAND,Bundesländer,12,Brandenburg,GES,Geschlecht,GESM,männlich,STAAG6,Staatsangehörigkeit,ST158,Schweiz,290
12521,Ausländerstatistik,STAG,Stichtag,31.12.2021,DLAND,Bundesländer,12,Brandenburg,GES,Geschlecht,GESM,männlich,STAAG6,Staatsangehörigkeit,ST164,Tschechien,315
12521,Ausländerstatistik,STAG,Stichtag,31.12.2021,DLAND,Bundesländer,12,Brandenburg,GES,Geschlecht,GESW,weiblich,STAAG6,Staatsangehörigkeit,,Insgesamt,65800
12521,Ausländerstatistik,STAG,Stichtag,31.12.2021,DLAND,Bundesländer,12,Brandenburg,GES,Geschlecht,GESW,weiblich,STAAG6,Staatsangehörigkeit,ST124,Belgien,85
12521,Ausländerstatistik,STAG,Stichtag,31.12.2021,DLAND,Bundesländer,12,Brandenburg,GES,Geschlecht,GESW,weiblich,STAAG6,Staatsangehörigkeit,ST126,Dänemark,85
12521,Ausländerstatistik,STAG,Stichtag,31.12.2021,DLAND,Bundesländer,12,Brandenburg,GES,Geschlecht,GESW,weiblich,STAAG6,Staatsangehörigkeit,ST129,Frankreich,515
12521,Ausländerstatistik,STAG,Stichtag,31.12.2021,DLAND,Bundesländer,12,Brandenburg,GES,Geschlecht,GESW,weiblich,STAAG6,Staatsangehörigkeit,ST148,Niederlande,430
12521,Ausländerstatistik,STAG,Stichtag,31.12.2021,DLAND,Bundesländer,12,Brandenburg,GES,Geschlecht,GESW,weiblich,STAAG6,Staatsangehörigkeit,ST151,Österreich,665
12521,Ausländerstatistik,STAG,Stichtag,31.12.2021,DLAND,Bundesländer,12,Brandenburg,GES,Geschlecht,GESW,weiblich,STAAG6,Staatsangehörigkeit,ST152,Polen,11530
12521,Ausländerstatistik,STAG,Stichtag,31.12.2021,DLAND,Bundesländer,12,Brandenburg,GES,Geschlecht,GESW,weiblich,STAAG6,Staatsangehörigkeit,ST158,Schweiz,270
12521,Ausländerstatistik,STAG,Stichtag,31.12.2021,DLAND,Bundesländer,12,Brandenburg,GES,Geschlecht,GESW,weiblich,STAAG6,Staatsangehörigkeit,ST164,Tschechien,470
12521,Ausländerstatistik,STAG,Stichtag,31.12.2021,DLAND,Bundesländer,12,Brandenburg,GES,Geschlecht,,Insgesamt,STAAG6,Staatsangehörigkeit,,Insgesamt,149540
12521,Ausländerstatistik,STAG,Stichtag,31.12.2021,DLAND,Bundesländer,12,Brandenburg,GES,Geschlecht,,Insgesamt,STAAG6,Staatsangehörigkeit,ST124,Belgien,215
12521,Ausländerstatistik,STAG,Stichtag,31.12.2021,DLAND,Bundesländer,12,Brandenburg,GES,Geschlecht,,Insgesamt,STAAG6,Staatsangehörigkeit,ST126,Dänemark,180
12521,Ausländerstatistik,STAG,Stichtag,31.12.2021,DLAND,Bundesländer,12,Brandenburg,GES,Geschlecht,,Insgesamt,STAAG6,Staatsangehörigkeit,ST129,Frankreich,1005
12521,Ausländerstatistik,STAG,Stichtag,31.12.2021,DLAND,Bundesländer,12,Brandenburg,GES,Geschlecht,,Insgesamt,STAAG6,Staatsangehörigkeit,ST148,Niederlande,1145
12521,Ausländerstatistik,STAG,Stichtag,31.12.2021,DLAND,Bundesländer,12,Brandenburg,GES,Geschlecht,,Insgesamt,STAAG6,Staatsangehörigkeit,ST151,Österreich,1405
12521,Ausländerstatistik,STAG,Stichtag,31.12.2021,DLAND,Bundesländer,12,Brandenburg,GES,Geschlecht,,Insgesamt,STAAG6,Staatsangehörigkeit,ST152,Polen,25510
12521,Ausländerstatistik,STAG,Stichtag,31.12.2021,DLAND,Bundesländer,12,Brandenburg,GES,Geschlecht,,Insgesamt,STAAG6,Staatsangehörigkeit,ST158,Schweiz,560
12521,Ausländerstatistik,STAG,Stichtag,31.12.2021,DLAND,Bundesländer,12,Brandenburg,GES,Geschlecht,,Insgesamt,STAAG6,Staatsangehörigkeit,ST164,Tschechien,785
12521,Ausländerstatistik,STAG,Stichtag,31.12.2021,DLAND,Bundesländer,04,Bremen,GES,Geschlecht,GESM,männlich,STAAG6,Staatsangehörigkeit,,Insgesamt,74980
12521,Ausländerstatistik,STAG,Stichtag,31.12.2021,DLAND,Bundesländer,04,Bremen,GES,Geschlecht,GESM,männlich,STAAG6,Staatsangehörigkeit,ST124,Belgien,120
12521,Ausländerstatistik,STAG,Stichtag,31.12.2021,DLAND,Bundesländer,04,Bremen,GES,Geschlecht,GESM,männlich,STAAG6,Staatsangehörigkeit,ST126,Dänemark,85
12521,Ausländerstatistik,STAG,Stichtag,31.12.2021,DLAND,Bundesländer,04,Bremen,GES,Geschlecht,GESM,männlich,STAAG6,Staatsangehörigkeit,ST129,Frankreich,510
12521,Ausländerstatistik,STAG,Stichtag,31.12.2021,DLAND,Bundesländer,04,Bremen,GES,Geschlecht,GESM,männlich,STAAG6,Staatsangehörigkeit,ST148,Niederlande,590
12521,Ausländerstatistik,STAG,Stichtag,31.12.2021,DLAND,Bundesländer,04,Bremen,GES,Geschlecht,GESM,männlich,STAAG6,Staatsangehörigkeit,ST151,Österreich,430
12521,Ausländerstatistik,STAG,Stichtag,31.12.2021,DLAND,Bundesländer,04,Bremen,GES,Geschlecht,GESM,männlich,STAAG6,Staatsangehörigkeit,ST152,Polen,4700
12521,Ausländerstatistik,STAG,Stichtag,31.12.2021,DLAND,Bundesländer,04,Bremen,GES,Geschlecht,GESM,männlich,STAAG6,Staatsangehörigkeit,ST158,Schweiz,120
12521,Ausländerstatistik,STAG,Stichtag,31.12.2021,DLAND,Bundesländer,04,Bremen,GES,Geschlecht,GESM,männlich,STAAG6,Staatsangehörigkeit,ST164,Tschechien,110
12521,Ausländerstatistik,STAG,Stichtag,31.12.2021,DLAND,Bundesländer,04,Bremen,GES,Geschlecht,GESW,weiblich,STAAG6,Staatsangehörigkeit,,Insgesamt,65350
12521,Ausländerstatistik,STAG,Stichtag,31.12.2021,DLAND,Bundesländer,04,Bremen,GES,Geschlecht,GESW,weiblich,STAAG6,Staatsangehörigkeit,ST124,Belgien,80
12521,Ausländerstatistik,STAG,Stichtag,31.12.2021,DLAND,Bundesländer,04,Bremen,GES,Geschlecht,GESW,weiblich,STAAG6,Staatsangehörigkeit,ST126,Dänemark,125
12521,Ausländerstatistik,STAG,Stichtag,31.12.2021,DLAND,Bundesländer,04,Bremen,GES,Geschlecht,GESW,weiblich,STAAG6,Staatsangehörigkeit,ST129,Frankreich,525
12521,Ausländerstatistik,STAG,Stichtag,31.12.2021,DLAND,Bundesländer,04,Bremen,GES,Geschlecht,GESW,weiblich,STAAG6,Staatsangehörigkeit,ST148,Niederlande,435
12521,Ausländerstatistik,STAG,Stichtag,31.12.2021,DLAND,Bundesländer,04,Bremen,GES,Geschlecht,GESW,weiblich,STAAG6,Staatsangehörigkeit,ST151,Österreich,380
12521,Ausländerstatistik,STAG,Stichtag,31.12.2021,DLAND,Bundesländer,04,Bremen,GES,Geschlecht,GESW,weiblich,STAAG6,Staatsangehörigkeit,ST152,Polen,4755
12521,Ausländerstatistik,STAG,Stichtag,31.12.2021,DLAND,Bundesländer,04,Bremen,GES,Geschlecht,GESW,weiblich,STAAG6,Staatsangehörigkeit,ST158,Schweiz,145
12521,Ausländerstatistik,STAG,Stichtag,31.12.2021,DLAND,Bundesländer,04,Bremen,GES,Geschlecht,GESW,weiblich,STAAG6,Staatsangehörigkeit,ST164,Tschechien,105
12521,Ausländerstatistik,STAG,Stichtag,31.12.2021,DLAND,Bundesländer,04,Bremen,GES,Geschlecht,,Insgesamt,STAAG6,Staatsangehörigkeit,,Insgesamt,140330
12521,Ausländerstatistik,STAG,Stichtag,31.12.2021,DLAND,Bundesländer,04,Bremen,GES,Geschlecht,,Insgesamt,STAAG6,Staatsangehörigkeit,ST124,Belgien,200
12521,Ausländerstatistik,STAG,Stichtag,31.12.2021,DLAND,Bundesländer,04,Bremen,GES,Geschlecht,,Insgesamt,STAAG6,Staatsangehörigkeit,ST126,Dänemark,215
12521,Ausländerstatistik,STAG,Stichtag,31.12.2021,DLAND,Bundesländer,04,Bremen,GES,Geschlecht,,Insgesamt,STAAG6,Staatsangehörigkeit,ST129,Frankreich,1035
12521,Ausländerstatistik,STAG,Stichtag,31.12.2021,DLAND,Bundesländer,04,Bremen,GES,Geschlecht,,Insgesamt,STAAG6,Staatsangehörigkeit,ST148,Niederlande,1025
12521,Ausländerstatistik,STAG,Stichtag,31.12.2021,DLAND,Bundesländer,04,Bremen,GES,Geschlecht,,Insgesamt,STAAG6,Staatsangehörigkeit,ST151,Österreich,815
12521,Ausländerstatistik,STAG,Stichtag,31.12.2021,DLAND,Bundesländer,04,Bremen,GES,Geschlecht,,Insgesamt,STAAG6,Staatsangehörigkeit,ST152,Polen,9460
12521,Ausländerstatistik,STAG,Stichtag,31.12.2021,DLAND,Bundesländer,04,Bremen,GES,Geschlecht,,Insgesamt,STAAG6,Staatsangehörigkeit,ST158,Schweiz,265
12521,Ausländerstatistik,STAG,Stichtag,31.12.2021,DLAND,Bundesländer,04,Bremen,GES,Geschlecht,,Insgesamt,STAAG6,Staatsangehörigkeit,ST164,Tschechien,215
12521,Ausländerstatistik,STAG,Stichtag,31.12.2021,DLAND,Bundesländer,02,Hamburg,GES,Geschlecht,GESM,männlich,STAAG6,Staatsangehörigkeit,,Insgesamt,173210
12521,Ausländerstatistik,STAG,Stichtag,31.12.2021,DLAND,Bundesländer,02,Hamburg,GES,Geschlecht,GESM,männlich,STAAG6,Staatsangehörigkeit,ST124,Belgien,300
12521,Ausländerstatistik,STAG,Stichtag,31.12.2021,DLAND,Bundesländer,02,Hamburg,GES,Geschlecht,GESM,männlich,STAAG6,Staatsangehörigkeit,ST126,Dänemark,685
12521,Ausländerstatistik,STAG,Stichtag,31.12.2021,DLAND,Bundesländer,02,Hamburg,GES,Geschlecht,GESM,männlich,STAAG6,Staatsangehörigkeit,ST129,Frankreich,2330
12521,Ausländerstatistik,STAG,Stichtag,31.12.2021,DLAND,Bundesländer,02,Hamburg,GES,Geschlecht,GESM,männlich,STAAG6,Staatsangehörigkeit,ST148,Niederlande,1470
12521,Ausländerstatistik,STAG,Stichtag,31.12.2021,DLAND,Bundesländer,02,Hamburg,GES,Geschlecht,GESM,männlich,STAAG6,Staatsangehörigkeit,ST151,Österreich,1950
12521,Ausländerstatistik,STAG,Stichtag,31.12.2021,DLAND,Bundesländer,02,Hamburg,GES,Geschlecht,GESM,männlich,STAAG6,Staatsangehörigkeit,ST152,Polen,11585
12521,Ausländerstatistik,STAG,Stichtag,31.12.2021,DLAND,Bundesländer,02,Hamburg,GES,Geschlecht,GESM,männlich,STAAG6,Staatsangehörigkeit,ST158,Schweiz,615
12521,Ausländerstatistik,STAG,Stichtag,31.12.2021,DLAND,Bundesländer,02,Hamburg,GES,Geschlecht,GESM,männlich,STAAG6,Staatsangehörigkeit,ST164,Tschechien,285
12521,Ausländerstatistik,STAG,Stichtag,31.12.2021,DLAND,Bundesländer,02,Hamburg,GES,Geschlecht,GESW,weiblich,STAAG6,Staatsangehörigkeit,,Insgesamt,155165
12521,Ausländerstatistik,STAG,Stichtag,31.12.2021,DLAND,Bundesländer,02,Hamburg,GES,Geschlecht,GESW,weiblich,STAAG6,Staatsangehörigkeit,ST124,Belgien,270
12521,Ausländerstatistik,STAG,Stichtag,31.12.2021,DLAND,Bundesländer,02,Hamburg,GES,Geschlecht,GESW,weiblich,STAAG6,Staatsangehörigkeit,ST126,Dänemark,845
12521,Ausländerstatistik,STAG,Stichtag,31.12.2021,DLAND,Bundesländer,02,Hamburg,GES,Geschlecht,GESW,weiblich,STAAG6,Staatsangehörigkeit,ST129,Frankreich,2135
12521,Ausländerstatistik,STAG,Stichtag,31.12.2021,DLAND,Bundesländer,02,Hamburg,GES,Geschlecht,GESW,weiblich,STAAG6,Staatsangehörigkeit,ST148,Niederlande,1055
12521,Ausländerstatistik,STAG,Stichtag,31.12.2021,DLAND,Bundesländer,02,Hamburg,GES,Geschlecht,GESW,weiblich,STAAG6,Staatsangehörigkeit,ST151,Österreich,1930
12521,Ausländerstatistik,STAG,Stichtag,31.12.2021,DLAND,Bundesländer,02,Hamburg,GES,Geschlecht,GESW,weiblich,STAAG6,Staatsangehörigkeit,ST152,Polen,11725
12521,Ausländerstatistik,STAG,Stichtag,31.12.2021,DLAND,Bundesländer,02,Hamburg,GES,Geschlecht,GESW,weiblich,STAAG6,Staatsangehörigkeit,ST158,Schweiz,735
12521,Ausländerstatistik,STAG,Stichtag,31.12.2021,DLAND,Bundesländer,02,Hamburg,GES,Geschlecht,GESW,weiblich,STAAG6,Staatsangehörigkeit,ST164,Tschechien,360
12521,Ausländerstatistik,STAG,Stichtag,31.12.2021,DLAND,Bundesländer,02,Hamburg,GES,Geschlecht,,Insgesamt,STAAG6,Staatsangehörigkeit,,Insgesamt,328375
12521,Ausländerstatistik,STAG,Stichtag,31.12.2021,DLAND,Bundesländer,02,Hamburg,GES,Geschlecht,,Insgesamt,STAAG6,Staatsangehörigkeit,ST124,Belgien,570
12521,Ausländerstatistik,STAG,Stichtag,31.12.2021,DLAND,Bundesländer,02,Hamburg,GES,Geschlecht,,Insgesamt,STAAG6,Staatsangehörigkeit,ST126,Dänemark,1530
12521,Ausländerstatistik,STAG,Stichtag,31.12.2021,DLAND,Bundesländer,02,Hamburg,GES,Geschlecht,,Insgesamt,STAAG6,Staatsangehörigkeit,ST129,Frankreich,4465
12521,Ausländerstatistik,STAG,Stichtag,31.12.2021,DLAND,Bundesländer,02,Hamburg,GES,Geschlecht,,Insgesamt,STAAG6,Staatsangehörigkeit,ST148,Niederlande,2525
12521,Ausländerstatistik,STAG,Stichtag,31.12.2021,DLAND,Bundesländer,02,Hamburg,GES,Geschlecht,,Insgesamt,STAAG6,Staatsangehörigkeit,ST151,Österreich,3875
12521,Ausländerstatistik,STAG,Stichtag,31.12.2021,DLAND,Bundesländer,02,Hamburg,GES,Geschlecht,,Insgesamt,STAAG6,Staatsangehörigkeit,ST152,Polen,23310
12521,Ausländerstatistik,STAG,Stichtag,31.12.2021,DLAND,Bundesländer,02,Hamburg,GES,Geschlecht,,Insgesamt,STAAG6,Staatsangehörigkeit,ST158,Schweiz,1350
12521,Ausländerstatistik,STAG,Stichtag,31.12.2021,DLAND,Bundesländer,02,Hamburg,GES,Geschlecht,,Insgesamt,STAAG6,Staatsangehörigkeit,ST164,Tschechien,645
12521,Ausländerstatistik,STAG,Stichtag,31.12.2021,DLAND,Bundesländer,06,Hessen,GES,Geschlecht,GESM,männlich,STAAG6,Staatsangehörigkeit,,Insgesamt,610445
12521,Ausländerstatistik,STAG,Stichtag,31.12.2021,DLAND,Bundesländer,06,Hessen,GES,Geschlecht,GESM,männlich,STAAG6,Staatsangehörigkeit,ST124,Belgien,1405
12521,Ausländerstatistik,STAG,Stichtag,31.12.2021,DLAND,Bundesländer,06,Hessen,GES,Geschlecht,GESM,männlich,STAAG6,Staatsangehörigkeit,ST126,Dänemark,535
12521,Ausländerstatistik,STAG,Stichtag,31.12.2021,DLAND,Bundesländer,06,Hessen,GES,Geschlecht,GESM,männlich,STAAG6,Staatsangehörigkeit,ST129,Frankreich,6090
12521,Ausländerstatistik,STAG,Stichtag,31.12.2021,DLAND,Bundesländer,06,Hessen,GES,Geschlecht,GESM,männlich,STAAG6,Staatsangehörigkeit,ST148,Niederlande,4375
12521,Ausländerstatistik,STAG,Stichtag,31.12.2021,DLAND,Bundesländer,06,Hessen,GES,Geschlecht,GESM,männlich,STAAG6,Staatsangehörigkeit,ST151,Österreich,6825
12521,Ausländerstatistik,STAG,Stichtag,31.12.2021,DLAND,Bundesländer,06,Hessen,GES,Geschlecht,GESM,männlich,STAAG6,Staatsangehörigkeit,ST152,Polen,42610
12521,Ausländerstatistik,STAG,Stichtag,31.12.2021,DLAND,Bundesländer,06,Hessen,GES,Geschlecht,GESM,männlich,STAAG6,Staatsangehörigkeit,ST158,Schweiz,1350
12521,Ausländerstatistik,STAG,Stichtag,31.12.2021,DLAND,Bundesländer,06,Hessen,GES,Geschlecht,GESM,männlich,STAAG6,Staatsangehörigkeit,ST164,Tschechien,1580
12521,Ausländerstatistik,STAG,Stichtag,31.12.2021,DLAND,Bundesländer,06,Hessen,GES,Geschlecht,GESW,weiblich,STAAG6,Staatsangehörigkeit,,Insgesamt,553355
12521,Ausländerstatistik,STAG,Stichtag,31.12.2021,DLAND,Bundesländer,06,Hessen,GES,Geschlecht,GESW,weiblich,STAAG6,Staatsangehörigkeit,ST124,Belgien,1230
12521,Ausländerstatistik,STAG,Stichtag,31.12.2021,DLAND,Bundesländer,06,Hessen,GES,Geschlecht,GESW,weiblich,STAAG6,Staatsangehörigkeit,ST126,Dänemark,570
12521,Ausländerstatistik,STAG,Stichtag,31.12.2021,DLAND,Bundesländer,06,Hessen,GES,Geschlecht,GESW,weiblich,STAAG6,Staatsangehörigkeit,ST129,Frankreich,7195
12521,Ausländerstatistik,STAG,Stichtag,31.12.2021,DLAND,Bundesländer,06,Hessen,GES,Geschlecht,GESW,weiblich,STAAG6,Staatsangehörigkeit,ST148,Niederlande,3685
12521,Ausländerstatistik,STAG,Stichtag,31.12.2021,DLAND,Bundesländer,06,Hessen,GES,Geschlecht,GESW,weiblich,STAAG6,Staatsangehörigkeit,ST151,Österreich,6455
12521,Ausländerstatistik,STAG,Stichtag,31.12.2021,DLAND,Bundesländer,06,Hessen,GES,Geschlecht,GESW,weiblich,STAAG6,Staatsangehörigkeit,ST152,Polen,38085
12521,Ausländerstatistik,STAG,Stichtag,31.12.2021,DLAND,Bundesländer,06,Hessen,GES,Geschlecht,GESW,weiblich,STAAG6,Staatsangehörigkeit,ST158,Schweiz,1700
12521,Ausländerstatistik,STAG,Stichtag,31.12.2021,DLAND,Bundesländer,06,Hessen,GES,Geschlecht,GESW,weiblich,STAAG6,Staatsangehörigkeit,ST164,Tschechien,2600
12521,Ausländerstatistik,STAG,Stichtag,31.12.2021,DLAND,Bundesländer,06,Hessen,GES,Geschlecht,,Insgesamt,STAAG6,Staatsangehörigkeit,,Insgesamt,1163800
12521,Ausländerstatistik,STAG,Stichtag,31.12.2021,DLAND,Bundesländer,06,Hessen,GES,Geschlecht,,Insgesamt,STAAG6,Staatsangehörigkeit,ST124,Belgien,2635
12521,Ausländerstatistik,STAG,Stichtag,31.12.2021,DLAND,Bundesländer,06,Hessen,GES,Geschlecht,,Insgesamt,STAAG6,Staatsangehörigkeit,ST126,Dänemark,1105
12521,Ausländerstatistik,STAG,Stichtag,31.12.2021,DLAND,Bundesländer,06,Hessen,GES,Geschlecht,,Insgesamt,STAAG6,Staatsangehörigkeit,ST129,Frankreich,13285
12521,Ausländerstatistik,STAG,Stichtag,31.12.2021,DLAND,Bundesländer,06,Hessen,GES,Geschlecht,,Insgesamt,STAAG6,Staatsangehörigkeit,ST148,Niederlande,8060
12521,Ausländerstatistik,STAG,Stichtag,31.12.2021,DLAND,Bundesländer,06,Hessen,GES,Geschlecht,,Insgesamt,STAAG6,Staatsangehörigkeit,ST151,Österreich,13280
12521,Ausländerstatistik,STAG,Stichtag,31.12.2021,DLAND,Bundesländer,06,Hessen,GES,Geschlecht,,Insgesamt,STAAG6,Staatsangehörigkeit,ST152,Polen,80695
12521,Ausländerstatistik,STAG,Stichtag,31.12.2021,DLAND,Bundesländer,06,Hessen,GES,Geschlecht,,Insgesamt,STAAG6,Staatsangehörigkeit,ST158,Schweiz,3050
12521,Ausländerstatistik,STAG,Stichtag,31.12.2021,DLAND,Bundesländer,06,Hessen,GES,Geschlecht,,Insgesamt,STAAG6,Staatsangehörigkeit,ST164,Tschechien,4180
12521,Ausländerstatistik,STAG,Stichtag,31.12.2021,DLAND,Bundesländer,13,Mecklenburg-Vorpommern,GES,Geschlecht,GESM,männlich,STAAG6,Staatsangehörigkeit,,Insgesamt,50220
12521,Ausländerstatistik,STAG,Stichtag,31.12.2021,DLAND,Bundesländer,13,Mecklenburg-Vorpommern,GES,Geschlecht,GESM,männlich,STAAG6,Staatsangehörigkeit,ST124,Belgien,55
12521,Ausländerstatistik,STAG,Stichtag,31.12.2021,DLAND,Bundesländer,13,Mecklenburg-Vorpommern,GES,Geschlecht,GESM,männlich,STAAG6,Staatsangehörigkeit,ST126,Dänemark,105
12521,Ausländerstatistik,STAG,Stichtag,31.12.2021,DLAND,Bundesländer,13,Mecklenburg-Vorpommern,GES,Geschlecht,GESM,männlich,STAAG6,Staatsangehörigkeit,ST129,Frankreich,200
12521,Ausländerstatistik,STAG,Stichtag,31.12.2021,DLAND,Bundesländer,13,Mecklenburg-Vorpommern,GES,Geschlecht,GESM,männlich,STAAG6,Staatsangehörigkeit,ST148,Niederlande,525
12521,Ausländerstatistik,STAG,Stichtag,31.12.2021,DLAND,Bundesländer,13,Mecklenburg-Vorpommern,GES,Geschlecht,GESM,männlich,STAAG6,Staatsangehörigkeit,ST151,Österreich,390
12521,Ausländerstatistik,STAG,Stichtag,31.12.2021,DLAND,Bundesländer,13,Mecklenburg-Vorpommern,GES,Geschlecht,GESM,männlich,STAAG6,Staatsangehörigkeit,ST152,Polen,9050
12521,Ausländerstatistik,STAG,Stichtag,31.12.2021,DLAND,Bundesländer,13,Mecklenburg-Vorpommern,GES,Geschlecht,GESM,männlich,STAAG6,Staatsangehörigkeit,ST158,Schweiz,170
12521,Ausländerstatistik,STAG,Stichtag,31.12.2021,DLAND,Bundesländer,13,Mecklenburg-Vorpommern,GES,Geschlecht,GESM,männlich,STAAG6,Staatsangehörigkeit,ST164,Tschechien,200
12521,Ausländerstatistik,STAG,Stichtag,31.12.2021,DLAND,Bundesländer,13,Mecklenburg-Vorpommern,GES,Geschlecht,GESW,weiblich,STAAG6,Staatsangehörigkeit,,Insgesamt,37190
12521,Ausländerstatistik,STAG,Stichtag,31.12.2021,DLAND,Bundesländer,13,Mecklenburg-Vorpommern,GES,Geschlecht,GESW,weiblich,STAAG6,Staatsangehörigkeit,ST124,Belgien,35
12521,Ausländerstatistik,STAG,Stichtag,31.12.2021,DLAND,Bundesländer,13,Mecklenburg-Vorpommern,GES,Geschlecht,GESW,weiblich,STAAG6,Staatsangehörigkeit,ST126,Dänemark,65
12521,Ausländerstatistik,STAG,Stichtag,31.12.2021,DLAND,Bundesländer,13,Mecklenburg-Vorpommern,GES,Geschlecht,GESW,weiblich,STAAG6,Staatsangehörigkeit,ST129,Frankreich,215
12521,Ausländerstatistik,STAG,Stichtag,31.12.2021,DLAND,Bundesländer,13,Mecklenburg-Vorpommern,GES,Geschlecht,GESW,weiblich,STAAG6,Staatsangehörigkeit,ST148,Niederlande,315
12521,Ausländerstatistik,STAG,Stichtag,31.12.2021,DLAND,Bundesländer,13,Mecklenburg-Vorpommern,GES,Geschlecht,GESW,weiblich,STAAG6,Staatsangehörigkeit,ST151,Österreich,310
12521,Ausländerstatistik,STAG,Stichtag,31.12.2021,DLAND,Bundesländer,13,Mecklenburg-Vorpommern,GES,Geschlecht,GESW,weiblich,STAAG6,Staatsangehörigkeit,ST152,Polen,6665
12521,Ausländerstatistik,STAG,Stichtag,31.12.2021,DLAND,Bundesländer,13,Mecklenburg-Vorpommern,GES,Geschlecht,GESW,weiblich,STAAG6,Staatsangehörigkeit,ST158,Schweiz,195
12521,Ausländerstatistik,STAG,Stichtag,31.12.2021,DLAND,Bundesländer,13,Mecklenburg-Vorpommern,GES,Geschlecht,GESW,weiblich,STAAG6,Staatsangehörigkeit,ST164,Tschechien,230
12521,Ausländerstatistik,STAG,Stichtag,31.12.2021,DLAND,Bundesländer,13,Mecklenburg-Vorpommern,GES,Geschlecht,,Insgesamt,STAAG6,Staatsangehörigkeit,,Insgesamt,87410
12521,Ausländerstatistik,STAG,Stichtag,31.12.2021,DLAND,Bundesländer,13,Mecklenburg-Vorpommern,GES,Geschlecht,,Insgesamt,STAAG6,Staatsangehörigkeit,ST124,Belgien,85
12521,Ausländerstatistik,STAG,Stichtag,31.12.2021,DLAND,Bundesländer,13,Mecklenburg-Vorpommern,GES,Geschlecht,,Insgesamt,STAAG6,Staatsangehörigkeit,ST126,Dänemark,170
12521,Ausländerstatistik,STAG,Stichtag,31.12.2021,DLAND,Bundesländer,13,Mecklenburg-Vorpommern,GES,Geschlecht,,Insgesamt,STAAG6,Staatsangehörigkeit,ST129,Frankreich,415
12521,Ausländerstatistik,STAG,Stichtag,31.12.2021,DLAND,Bundesländer,13,Mecklenburg-Vorpommern,GES,Geschlecht,,Insgesamt,STAAG6,Staatsangehörigkeit,ST148,Niederlande,840
12521,Ausländerstatistik,STAG,Stichtag,31.12.2021,DLAND,Bundesländer,13,Mecklenburg-Vorpommern,GES,Geschlecht,,Insgesamt,STAAG6,Staatsangehörigkeit,ST151,Österreich,700
12521,Ausländerstatistik,STAG,Stichtag,31.12.2021,DLAND,Bundesländer,13,Mecklenburg-Vorpommern,GES,Geschlecht,,Insgesamt,STAAG6,Staatsangehörigkeit,ST152,Polen,15720
12521,Ausländerstatistik,STAG,Stichtag,31.12.2021,DLAND,Bundesländer,13,Mecklenburg-Vorpommern,GES,Geschlecht,,Insgesamt,STAAG6,Staatsangehörigkeit,ST158,Schweiz,365
12521,Ausländerstatistik,STAG,Stichtag,31.12.2021,DLAND,Bundesländer,13,Mecklenburg-Vorpommern,GES,Geschlecht,,Insgesamt,STAAG6,Staatsangehörigkeit,ST164,Tschechien,430
12521,Ausländerstatistik,STAG,Stichtag,31.12.2021,DLAND,Bundesländer,03,Niedersachsen,GES,Geschlecht,GESM,männlich,STAAG6,Staatsangehörigkeit,,Insgesamt,482995
12521,Ausländerstatistik,STAG,Stichtag,31.12.2021,DLAND,Bundesländer,03,Niedersachsen,GES,Geschlecht,GESM,männlich,STAAG6,Staatsangehörigkeit,ST124,Belgien,700
12521,Ausländerstatistik,STAG,Stichtag,31.12.2021,DLAND,Bundesländer,03,Niedersachsen,GES,Geschlecht,GESM,männlich,STAAG6,Staatsangehörigkeit,ST126,Dänemark,585
12521,Ausländerstatistik,STAG,Stichtag,31.12.2021,DLAND,Bundesländer,03,Niedersachsen,GES,Geschlecht,GESM,männlich,STAAG6,Staatsangehörigkeit,ST129,Frankreich,2325
12521,Ausländerstatistik,STAG,Stichtag,31.12.2021,DLAND,Bundesländer,03,Niedersachsen,GES,Geschlecht,GESM,männlich,STAAG6,Staatsangehörigkeit,ST148,Niederlande,16845
12521,Ausländerstatistik,STAG,Stichtag,31.12.2021,DLAND,Bundesländer,03,Niedersachsen,GES,Geschlecht,GESM,männlich,STAAG6,Staatsangehörigkeit,ST151,Österreich,3550
12521,Ausländerstatistik,STAG,Stichtag,31.12.2021,DLAND,Bundesländer,03,Niedersachsen,GES,Geschlecht,GESM,männlich,STAAG6,Staatsangehörigkeit,ST152,Polen,54400
12521,Ausländerstatistik,STAG,Stichtag,31.12.2021,DLAND,Bundesländer,03,Niedersachsen,GES,Geschlecht,GESM,männlich,STAAG6,Staatsangehörigkeit,ST158,Schweiz,1140
12521,Ausländerstatistik,STAG,Stichtag,31.12.2021,DLAND,Bundesländer,03,Niedersachsen,GES,Geschlecht,GESM,männlich,STAAG6,Staatsangehörigkeit,ST164,Tschechien,1025
12521,Ausländerstatistik,STAG,Stichtag,31.12.2021,DLAND,Bundesländer,03,Niedersachsen,GES,Geschlecht,GESW,weiblich,STAAG6,Staatsangehörigkeit,,Insgesamt,412500
12521,Ausländerstatistik,STAG,Stichtag,31.12.2021,DLAND,Bundesländer,03,Niedersachsen,GES,Geschlecht,GESW,weiblich,STAAG6,Staatsangehörigkeit,ST124,Belgien,690
12521,Ausländerstatistik,STAG,Stichtag,31.12.2021,DLAND,Bundesländer,03,Niedersachsen,GES,Geschlecht,GESW,weiblich,STAAG6,Staatsangehörigkeit,ST126,Dänemark,870
12521,Ausländerstatistik,STAG,Stichtag,31.12.2021,DLAND,Bundesländer,03,Niedersachsen,GES,Geschlecht,GESW,weiblich,STAAG6,Staatsangehörigkeit,ST129,Frankreich,2550
12521,Ausländerstatistik,STAG,Stichtag,31.12.2021,DLAND,Bundesländer,03,Niedersachsen,GES,Geschlecht,GESW,weiblich,STAAG6,Staatsangehörigkeit,ST148,Niederlande,12900
12521,Ausländerstatistik,STAG,Stichtag,31.12.2021,DLAND,Bundesländer,03,Niedersachsen,GES,Geschlecht,GESW,weiblich,STAAG6,Staatsangehörigkeit,ST151,Österreich,3245
12521,Ausländerstatistik,STAG,Stichtag,31.12.2021,DLAND,Bundesländer,03,Niedersachsen,GES,Geschlecht,GESW,weiblich,STAAG6,Staatsangehörigkeit,ST152,Polen,45820
12521,Ausländerstatistik,STAG,Stichtag,31.12.2021,DLAND,Bundesländer,03,Niedersachsen,GES,Geschlecht,GESW,weiblich,STAAG6,Staatsangehörigkeit,ST158,Schweiz,1295
12521,Ausländerstatistik,STAG,Stichtag,31.12.2021,DLAND,Bundesländer,03,Niedersachsen,GES,Geschlecht,GESW,weiblich,STAAG6,Staatsangehörigkeit,ST164,Tschechien,1200
12521,Ausländerstatistik,STAG,Stichtag,31.12.2021,DLAND,Bundesländer,03,Niedersachsen,GES,Geschlecht,,Insgesamt,STAAG6,Staatsangehörigkeit,,Insgesamt,895490
12521,Ausländerstatistik,STAG,Stichtag,31.12.2021,DLAND,Bundesländer,03,Niedersachsen,GES,Geschlecht,,Insgesamt,STAAG6,Staatsangehörigkeit,ST124,Belgien,1390
12521,Ausländerstatistik,STAG,Stichtag,31.12.2021,DLAND,Bundesländer,03,Niedersachsen,GES,Geschlecht,,Insgesamt,STAAG6,Staatsangehörigkeit,ST126,Dänemark,1455
12521,Ausländerstatistik,STAG,Stichtag,31.12.2021,DLAND,Bundesländer,03,Niedersachsen,GES,Geschlecht,,Insgesamt,STAAG6,Staatsangehörigkeit,ST129,Frankreich,4875
12521,Ausländerstatistik,STAG,Stichtag,31.12.2021,DLAND,Bundesländer,03,Niedersachsen,GES,Geschlecht,,Insgesamt,STAAG6,Staatsangehörigkeit,ST148,Niederlande,29745
12521,Ausländerstatistik,STAG,Stichtag,31.12.2021,DLAND,Bundesländer,03,Niedersachsen,GES,Geschlecht,,Insgesamt,STAAG6,Staatsangehörigkeit,ST151,Österreich,6795
12521,Ausländerstatistik,STAG,Stichtag,31.12.2021,DLAND,Bundesländer,03,Niedersachsen,GES,Geschlecht,,Insgesamt,STAAG6,Staatsangehörigkeit,ST152,Polen,100220
12521,Ausländerstatistik,STAG,Stichtag,31.12.2021,DLAND,Bundesländer,03,Niedersachsen,GES,Geschlecht,,Insgesamt,STAAG6,Staatsangehörigkeit,ST158,Schweiz,2435
12521,Ausländerstatistik,STAG,Stichtag,31.12.2021,DLAND,Bundesländer,03,Niedersachsen,GES,Geschlecht,,Insgesamt,STAAG6,Staatsangehörigkeit,ST164,Tschechien,2225
12521,Ausländerstatistik,STAG,Stichtag,31.12.2021,DLAND,Bundesländer,05,Nordrhein-Westfalen,GES,Geschlecht,GESM,männlich,STAAG6,Staatsangehörigkeit,,Insgesamt,1487085
12521,Ausländerstatistik,STAG,Stichtag,31.12.2021,DLAND,Bundesländer,05,Nordrhein-Westfalen,GES,Geschlecht,GESM,männlich,STAAG6,Staatsangehörigkeit,ST124,Belgien,6820
12521,Ausländerstatistik,STAG,Stichtag,31.12.2021,DLAND,Bundesländer,05,Nordrhein-Westfalen,GES,Geschlecht,GESM,männlich,STAAG6,Staatsangehörigkeit,ST126,Dänemark,1085
12521,Ausländerstatistik,STAG,Stichtag,31.12.2021,DLAND,Bundesländer,05,Nordrhein-Westfalen,GES,Geschlecht,GESM,männlich,STAAG6,Staatsangehörigkeit,ST129,Frankreich,9155
12521,Ausländerstatistik,STAG,Stichtag,31.12.2021,DLAND,Bundesländer,05,Nordrhein-Westfalen,GES,Geschlecht,GESM,männlich,STAAG6,Staatsangehörigkeit,ST148,Niederlande,38425
12521,Ausländerstatistik,STAG,Stichtag,31.12.2021,DLAND,Bundesländer,05,Nordrhein-Westfalen,GES,Geschlecht,GESM,männlich,STAAG6,Staatsangehörigkeit,ST151,Österreich,10735
12521,Ausländerstatistik,STAG,Stichtag,31.12.2021,DLAND,Bundesländer,05,Nordrhein-Westfalen,GES,Geschlecht,GESM,männlich,STAAG6,Staatsangehörigkeit,ST152,Polen,115270
12521,Ausländerstatistik,STAG,Stichtag,31.12.2021,DLAND,Bundesländer,05,Nordrhein-Westfalen,GES,Geschlecht,GESM,männlich,STAAG6,Staatsangehörigkeit,ST158,Schweiz,2300
12521,Ausländerstatistik,STAG,Stichtag,31.12.2021,DLAND,Bundesländer,05,Nordrhein-Westfalen,GES,Geschlecht,GESM,männlich,STAAG6,Staatsangehörigkeit,ST164,Tschechien,2290
12521,Ausländerstatistik,STAG,Stichtag,31.12.2021,DLAND,Bundesländer,05,Nordrhein-Westfalen,GES,Geschlecht,GESW,weiblich,STAAG6,Staatsangehörigkeit,,Insgesamt,1328715
12521,Ausländerstatistik,STAG,Stichtag,31.12.2021,DLAND,Bundesländer,05,Nordrhein-Westfalen,GES,Geschlecht,GESW,weiblich,STAAG6,Staatsangehörigkeit,ST124,Belgien,5995
12521,Ausländerstatistik,STAG,Stichtag,31.12.2021,DLAND,Bundesländer,05,Nordrhein-Westfalen,GES,Geschlecht,GESW,weiblich,STAAG6,Staatsangehörigkeit,ST126,Dänemark,1060
12521,Ausländerstatistik,STAG,Stichtag,31.12.2021,DLAND,Bundesländer,05,Nordrhein-Westfalen,GES,Geschlecht,GESW,weiblich,STAAG6,Staatsangehörigkeit,ST129,Frankreich,11420
12521,Ausländerstatistik,STAG,Stichtag,31.12.2021,DLAND,Bundesländer,05,Nordrhein-Westfalen,GES,Geschlecht,GESW,weiblich,STAAG6,Staatsangehörigkeit,ST148,Niederlande,30895
12521,Ausländerstatistik,STAG,Stichtag,31.12.2021,DLAND,Bundesländer,05,Nordrhein-Westfalen,GES,Geschlecht,GESW,weiblich,STAAG6,Staatsangehörigkeit,ST151,Österreich,10575
12521,Ausländerstatistik,STAG,Stichtag,31.12.2021,DLAND,Bundesländer,05,Nordrhein-Westfalen,GES,Geschlecht,GESW,weiblich,STAAG6,Staatsangehörigkeit,ST152,Polen,105260
12521,Ausländerstatistik,STAG,Stichtag,31.12.2021,DLAND,Bundesländer,05,Nordrhein-Westfalen,GES,Geschlecht,GESW,weiblich,STAAG6,Staatsangehörigkeit,ST158,Schweiz,3035
12521,Ausländerstatistik,STAG,Stichtag,31.12.2021,DLAND,Bundesländer,05,Nordrhein-Westfalen,GES,Geschlecht,GESW,weiblich,STAAG6,Staatsangehörigkeit,ST164,Tschechien,3050
12521,Ausländerstatistik,STAG,Stichtag,31.12.2021,DLAND,Bundesländer,05,Nordrhein-Westfalen,GES,Geschlecht,,Insgesamt,STAAG6,Staatsangehörigkeit,,Insgesamt,2815800
12521,Ausländerstatistik,STAG,Stichtag,31.12.2021,DLAND,Bundesländer,05,Nordrhein-Westfalen,GES,Geschlecht,,Insgesamt,STAAG6,Staatsangehörigkeit,ST124,Belgien,12815
12521,Ausländerstatistik,STAG,Stichtag,31.12.2021,DLAND,Bundesländer,05,Nordrhein-Westfalen,GES,Geschlecht,,Insgesamt,STAAG6,Staatsangehörigkeit,ST126,Dänemark,2145
12521,Ausländerstatistik,STAG,Stichtag,31.12.2021,DLAND,Bundesländer,05,Nordrhein-Westfalen,GES,Geschlecht,,Insgesamt,STAAG6,Staatsangehörigkeit,ST129,Frankreich,20575
12521,Ausländerstatistik,STAG,Stichtag,31.12.2021,DLAND,Bundesländer,05,Nordrhein-Westfalen,GES,Geschlecht,,Insgesamt,STAAG6,Staatsangehörigkeit,ST148,Niederlande,69315
12521,Ausländerstatistik,STAG,Stichtag,31.12.2021,DLAND,Bundesländer,05,Nordrhein-Westfalen,GES,Geschlecht,,Insgesamt,STAAG6,Staatsangehörigkeit,ST151,Österreich,21310
12521,Ausländerstatistik,STAG,Stichtag,31.12.2021,DLAND,Bundesländer,05,Nordrhein-Westfalen,GES,Geschlecht,,Insgesamt,STAAG6,Staatsangehörigkeit,ST152,Polen,220530
12521,Ausländerstatistik,STAG,Stichtag,31.12.2021,DLAND,Bundesländer,05,Nordrhein-Westfalen,GES,Geschlecht,,Insgesamt,STAAG6,Staatsangehörigkeit,ST158,Schweiz,5335
12521,Ausländerstatistik,STAG,Stichtag,31.12.2021,DLAND,Bundesländer,05,Nordrhein-Westfalen,GES,Geschlecht,,Insgesamt,STAAG6,Staatsangehörigkeit,ST164,Tschechien,5340
12521,Ausländerstatistik,STAG,Stichtag,31.12.2021,DLAND,Bundesländer,07,Rheinland-Pfalz,GES,Geschlecht,GESM,männlich,STAAG6,Staatsangehörigkeit,,Insgesamt,284780
12521,Ausländerstatistik,STAG,Stichtag,31.12.2021,DLAND,Bundesländer,07,Rheinland-Pfalz,GES,Geschlecht,GESM,männlich,STAAG6,Staatsangehörigkeit,ST124,Belgien,1340
12521,Ausländerstatistik,STAG,Stichtag,31.12.2021,DLAND,Bundesländer,07,Rheinland-Pfalz,GES,Geschlecht,GESM,männlich,STAAG6,Staatsangehörigkeit,ST126,Dänemark,220
12521,Ausländerstatistik,STAG,Stichtag,31.12.2021,DLAND,Bundesländer,07,Rheinland-Pfalz,GES,Geschlecht,GESM,männlich,STAAG6,Staatsangehörigkeit,ST129,Frankreich,4140
12521,Ausländerstatistik,STAG,Stichtag,31.12.2021,DLAND,Bundesländer,07,Rheinland-Pfalz,GES,Geschlecht,GESM,männlich,STAAG6,Staatsangehörigkeit,ST148,Niederlande,3680
12521,Ausländerstatistik,STAG,Stichtag,31.12.2021,DLAND,Bundesländer,07,Rheinland-Pfalz,GES,Geschlecht,GESM,männlich,STAAG6,Staatsangehörigkeit,ST151,Österreich,2600
12521,Ausländerstatistik,STAG,Stichtag,31.12.2021,DLAND,Bundesländer,07,Rheinland-Pfalz,GES,Geschlecht,GESM,männlich,STAAG6,Staatsangehörigkeit,ST152,Polen,23700
12521,Ausländerstatistik,STAG,Stichtag,31.12.2021,DLAND,Bundesländer,07,Rheinland-Pfalz,GES,Geschlecht,GESM,männlich,STAAG6,Staatsangehörigkeit,ST158,Schweiz,675
12521,Ausländerstatistik,STAG,Stichtag,31.12.2021,DLAND,Bundesländer,07,Rheinland-Pfalz,GES,Geschlecht,GESM,männlich,STAAG6,Staatsangehörigkeit,ST164,Tschechien,770
12521,Ausländerstatistik,STAG,Stichtag,31.12.2021,DLAND,Bundesländer,07,Rheinland-Pfalz,GES,Geschlecht,GESW,weiblich,STAAG6,Staatsangehörigkeit,,Insgesamt,247450
12521,Ausländerstatistik,STAG,Stichtag,31.12.2021,DLAND,Bundesländer,07,Rheinland-Pfalz,GES,Geschlecht,GESW,weiblich,STAAG6,Staatsangehörigkeit,ST124,Belgien,1265
12521,Ausländerstatistik,STAG,Stichtag,31.12.2021,DLAND,Bundesländer,07,Rheinland-Pfalz,GES,Geschlecht,GESW,weiblich,STAAG6,Staatsangehörigkeit,ST126,Dänemark,280
12521,Ausländerstatistik,STAG,Stichtag,31.12.2021,DLAND,Bundesländer,07,Rheinland-Pfalz,GES,Geschlecht,GESW,weiblich,STAAG6,Staatsangehörigkeit,ST129,Frankreich,4125
12521,Ausländerstatistik,STAG,Stichtag,31.12.2021,DLAND,Bundesländer,07,Rheinland-Pfalz,GES,Geschlecht,GESW,weiblich,STAAG6,Staatsangehörigkeit,ST148,Niederlande,3050
12521,Ausländerstatistik,STAG,Stichtag,31.12.2021,DLAND,Bundesländer,07,Rheinland-Pfalz,GES,Geschlecht,GESW,weiblich,STAAG6,Staatsangehörigkeit,ST151,Österreich,2615
12521,Ausländerstatistik,STAG,Stichtag,31.12.2021,DLAND,Bundesländer,07,Rheinland-Pfalz,GES,Geschlecht,GESW,weiblich,STAAG6,Staatsangehörigkeit,ST152,Polen,20660
12521,Ausländerstatistik,STAG,Stichtag,31.12.2021,DLAND,Bundesländer,07,Rheinland-Pfalz,GES,Geschlecht,GESW,weiblich,STAAG6,Staatsangehörigkeit,ST158,Schweiz,860
12521,Ausländerstatistik,STAG,Stichtag,31.12.2021,DLAND,Bundesländer,07,Rheinland-Pfalz,GES,Geschlecht,GESW,weiblich,STAAG6,Staatsangehörigkeit,ST164,Tschechien,1065
12521,Ausländerstatistik,STAG,Stichtag,31.12.2021,DLAND,Bundesländer,07,Rheinland-Pfalz,GES,Geschlecht,,Insgesamt,STAAG6,Staatsangehörigkeit,,Insgesamt,532230
12521,Ausländerstatistik,STAG,Stichtag,31.12.2021,DLAND,Bundesländer,07,Rheinland-Pfalz,GES,Geschlecht,,Insgesamt,STAAG6,Staatsangehörigkeit,ST124,Belgien,2610
12521,Ausländerstatistik,STAG,Stichtag,31.12.2021,DLAND,Bundesländer,07,Rheinland-Pfalz,GES,Geschlecht,,Insgesamt,STAAG6,Staatsangehörigkeit,ST126,Dänemark,495
12521,Ausländerstatistik,STAG,Stichtag,31.12.2021,DLAND,Bundesländer,07,Rheinland-Pfalz,GES,Geschlecht,,Insgesamt,STAAG6,Staatsangehörigkeit,ST129,Frankreich,8265
12521,Ausländerstatistik,STAG,Stichtag,31.12.2021,DLAND,Bundesländer,07,Rheinland-Pfalz,GES,Geschlecht,,Insgesamt,STAAG6,Staatsangehörigkeit,ST148,Niederlande,6730
12521,Ausländerstatistik,STAG,Stichtag,31.12.2021,DLAND,Bundesländer,07,Rheinland-Pfalz,GES,Geschlecht,,Insgesamt,STAAG6,Staatsangehörigkeit,ST151,Österreich,5210
12521,Ausländerstatistik,STAG,Stichtag,31.12.2021,DLAND,Bundesländer,07,Rheinland-Pfalz,GES,Geschlecht,,Insgesamt,STAAG6,Staatsangehörigkeit,ST152,Polen,44360
12521,Ausländerstatistik,STAG,Stichtag,31.12.2021,DLAND,Bundesländer,07,Rheinland-Pfalz,GES,Geschlecht,,Insgesamt,STAAG6,Staatsangehörigkeit,ST158,Schweiz,1540
12521,Ausländerstatistik,STAG,Stichtag,31.12.2021,DLAND,Bundesländer,07,Rheinland-Pfalz,GES,Geschlecht,,Insgesamt,STAAG6,Staatsangehörigkeit,ST164,Tschechien,1835
12521,Ausländerstatistik,STAG,Stichtag,31.12.2021,DLAND,Bundesländer,10,Saarland,GES,Geschlecht,GESM,männlich,STAAG6,Staatsangehörigkeit,,Insgesamt,71075
12521,Ausländerstatistik,STAG,Stichtag,31.12.2021,DLAND,Bundesländer,10,Saarland,GES,Geschlecht,GESM,männlich,STAAG6,Staatsangehörigkeit,ST124,Belgien,210
12521,Ausländerstatistik,STAG,Stichtag,31.12.2021,DLAND,Bundesländer,10,Saarland,GES,Geschlecht,GESM,männlich,STAAG6,Staatsangehörigkeit,ST126,Dänemark,45
12521,Ausländerstatistik,STAG,Stichtag,31.12.2021,DLAND,Bundesländer,10,Saarland,GES,Geschlecht,GESM,männlich,STAAG6,Staatsangehörigkeit,ST129,Frankreich,3110
12521,Ausländerstatistik,STAG,Stichtag,31.12.2021,DLAND,Bundesländer,10,Saarland,GES,Geschlecht,GESM,männlich,STAAG6,Staatsangehörigkeit,ST148,Niederlande,360
12521,Ausländerstatistik,STAG,Stichtag,31.12.2021,DLAND,Bundesländer,10,Saarland,GES,Geschlecht,GESM,männlich,STAAG6,Staatsangehörigkeit,ST151,Österreich,525
12521,Ausländerstatistik,STAG,Stichtag,31.12.2021,DLAND,Bundesländer,10,Saarland,GES,Geschlecht,GESM,männlich,STAAG6,Staatsangehörigkeit,ST152,Polen,2835
12521,Ausländerstatistik,STAG,Stichtag,31.12.2021,DLAND,Bundesländer,10,Saarland,GES,Geschlecht,GESM,männlich,STAAG6,Staatsangehörigkeit,ST158,Schweiz,140
12521,Ausländerstatistik,STAG,Stichtag,31.12.2021,DLAND,Bundesländer,10,Saarland,GES,Geschlecht,GESM,männlich,STAAG6,Staatsangehörigkeit,ST164,Tschechien,130
12521,Ausländerstatistik,STAG,Stichtag,31.12.2021,DLAND,Bundesländer,10,Saarland,GES,Geschlecht,GESW,weiblich,STAAG6,Staatsangehörigkeit,,Insgesamt,63275
12521,Ausländerstatistik,STAG,Stichtag,31.12.2021,DLAND,Bundesländer,10,Saarland,GES,Geschlecht,GESW,weiblich,STAAG6,Staatsangehörigkeit,ST124,Belgien,220
12521,Ausländerstatistik,STAG,Stichtag,31.12.2021,DLAND,Bundesländer,10,Saarland,GES,Geschlecht,GESW,weiblich,STAAG6,Staatsangehörigkeit,ST126,Dänemark,40
12521,Ausländerstatistik,STAG,Stichtag,31.12.2021,DLAND,Bundesländer,10,Saarland,GES,Geschlecht,GESW,weiblich,STAAG6,Staatsangehörigkeit,ST129,Frankreich,3680
12521,Ausländerstatistik,STAG,Stichtag,31.12.2021,DLAND,Bundesländer,10,Saarland,GES,Geschlecht,GESW,weiblich,STAAG6,Staatsangehörigkeit,ST148,Niederlande,280
12521,Ausländerstatistik,STAG,Stichtag,31.12.2021,DLAND,Bundesländer,10,Saarland,GES,Geschlecht,GESW,weiblich,STAAG6,Staatsangehörigkeit,ST151,Österreich,490
12521,Ausländerstatistik,STAG,Stichtag,31.12.2021,DLAND,Bundesländer,10,Saarland,GES,Geschlecht,GESW,weiblich,STAAG6,Staatsangehörigkeit,ST152,Polen,2945
12521,Ausländerstatistik,STAG,Stichtag,31.12.2021,DLAND,Bundesländer,10,Saarland,GES,Geschlecht,GESW,weiblich,STAAG6,Staatsangehörigkeit,ST158,Schweiz,175
12521,Ausländerstatistik,STAG,Stichtag,31.12.2021,DLAND,Bundesländer,10,Saarland,GES,Geschlecht,GESW,weiblich,STAAG6,Staatsangehörigkeit,ST164,Tschechien,160
12521,Ausländerstatistik,STAG,Stichtag,31.12.2021,DLAND,Bundesländer,10,Saarland,GES,Geschlecht,,Insgesamt,STAAG6,Staatsangehörigkeit,,Insgesamt,134350
12521,Ausländerstatistik,STAG,Stichtag,31.12.2021,DLAND,Bundesländer,10,Saarland,GES,Geschlecht,,Insgesamt,STAAG6,Staatsangehörigkeit,ST124,Belgien,430
12521,Ausländerstatistik,STAG,Stichtag,31.12.2021,DLAND,Bundesländer,10,Saarland,GES,Geschlecht,,Insgesamt,STAAG6,Staatsangehörigkeit,ST126,Dänemark,85
12521,Ausländerstatistik,STAG,Stichtag,31.12.2021,DLAND,Bundesländer,10,Saarland,GES,Geschlecht,,Insgesamt,STAAG6,Staatsangehörigkeit,ST129,Frankreich,6790
12521,Ausländerstatistik,STAG,Stichtag,31.12.2021,DLAND,Bundesländer,10,Saarland,GES,Geschlecht,,Insgesamt,STAAG6,Staatsangehörigkeit,ST148,Niederlande,640
12521,Ausländerstatistik,STAG,Stichtag,31.12.2021,DLAND,Bundesländer,10,Saarland,GES,Geschlecht,,Insgesamt,STAAG6,Staatsangehörigkeit,ST151,Österreich,1015
12521,Ausländerstatistik,STAG,Stichtag,31.12.2021,DLAND,Bundesländer,10,Saarland,GES,Geschlecht,,Insgesamt,STAAG6,Staatsangehörigkeit,ST152,Polen,5780
12521,Ausländerstatistik,STAG,Stichtag,31.12.2021,DLAND,Bundesländer,10,Saarland,GES,Geschlecht,,Insgesamt,STAAG6,Staatsangehörigkeit,ST158,Schweiz,315
12521,Ausländerstatistik,STAG,Stichtag,31.12.2021,DLAND,Bundesländer,10,Saarland,GES,Geschlecht,,Insgesamt,STAAG6,Staatsangehörigkeit,ST164,Tschechien,290
12521,Ausländerstatistik,STAG,Stichtag,31.12.2021,DLAND,Bundesländer,14,Sachsen,GES,Geschlecht,GESM,männlich,STAAG6,Staatsangehörigkeit,,Insgesamt,141515
12521,Ausländerstatistik,STAG,Stichtag,31.12.2021,DLAND,Bundesländer,14,Sachsen,GES,Geschlecht,GESM,männlich,STAAG6,Staatsangehörigkeit,ST124,Belgien,225
12521,Ausländerstatistik,STAG,Stichtag,31.12.2021,DLAND,Bundesländer,14,Sachsen,GES,Geschlecht,GESM,männlich,STAAG6,Staatsangehörigkeit,ST126,Dänemark,95
12521,Ausländerstatistik,STAG,Stichtag,31.12.2021,DLAND,Bundesländer,14,Sachsen,GES,Geschlecht,GESM,männlich,STAAG6,Staatsangehörigkeit,ST129,Frankreich,955
12521,Ausländerstatistik,STAG,Stichtag,31.12.2021,DLAND,Bundesländer,14,Sachsen,GES,Geschlecht,GESM,männlich,STAAG6,Staatsangehörigkeit,ST148,Niederlande,725
12521,Ausländerstatistik,STAG,Stichtag,31.12.2021,DLAND,Bundesländer,14,Sachsen,GES,Geschlecht,GESM,männlich,STAAG6,Staatsangehörigkeit,ST151,Österreich,1100
12521,Ausländerstatistik,STAG,Stichtag,31.12.2021,DLAND,Bundesländer,14,Sachsen,GES,Geschlecht,GESM,männlich,STAAG6,Staatsangehörigkeit,ST152,Polen,12875
12521,Ausländerstatistik,STAG,Stichtag,31.12.2021,DLAND,Bundesländer,14,Sachsen,GES,Geschlecht,GESM,männlich,STAAG6,Staatsangehörigkeit,ST158,Schweiz,405
12521,Ausländerstatistik,STAG,Stichtag,31.12.2021,DLAND,Bundesländer,14,Sachsen,GES,Geschlecht,GESM,männlich,STAAG6,Staatsangehörigkeit,ST164,Tschechien,3625
12521,Ausländerstatistik,STAG,Stichtag,31.12.2021,DLAND,Bundesländer,14,Sachsen,GES,Geschlecht,GESW,weiblich,STAAG6,Staatsangehörigkeit,,Insgesamt,102900
12521,Ausländerstatistik,STAG,Stichtag,31.12.2021,DLAND,Bundesländer,14,Sachsen,GES,Geschlecht,GESW,weiblich,STAAG6,Staatsangehörigkeit,ST124,Belgien,140
12521,Ausländerstatistik,STAG,Stichtag,31.12.2021,DLAND,Bundesländer,14,Sachsen,GES,Geschlecht,GESW,weiblich,STAAG6,Staatsangehörigkeit,ST126,Dänemark,75
12521,Ausländerstatistik,STAG,Stichtag,31.12.2021,DLAND,Bundesländer,14,Sachsen,GES,Geschlecht,GESW,weiblich,STAAG6,Staatsangehörigkeit,ST129,Frankreich,870
12521,Ausländerstatistik,STAG,Stichtag,31.12.2021,DLAND,Bundesländer,14,Sachsen,GES,Geschlecht,GESW,weiblich,STAAG6,Staatsangehörigkeit,ST148,Niederlande,380
12521,Ausländerstatistik,STAG,Stichtag,31.12.2021,DLAND,Bundesländer,14,Sachsen,GES,Geschlecht,GESW,weiblich,STAAG6,Staatsangehörigkeit,ST151,Österreich,820
12521,Ausländerstatistik,STAG,Stichtag,31.12.2021,DLAND,Bundesländer,14,Sachsen,GES,Geschlecht,GESW,weiblich,STAAG6,Staatsangehörigkeit,ST152,Polen,9165
12521,Ausländerstatistik,STAG,Stichtag,31.12.2021,DLAND,Bundesländer,14,Sachsen,GES,Geschlecht,GESW,weiblich,STAAG6,Staatsangehörigkeit,ST158,Schweiz,395
12521,Ausländerstatistik,STAG,Stichtag,31.12.2021,DLAND,Bundesländer,14,Sachsen,GES,Geschlecht,GESW,weiblich,STAAG6,Staatsangehörigkeit,ST164,Tschechien,4530
12521,Ausländerstatistik,STAG,Stichtag,31.12.2021,DLAND,Bundesländer,14,Sachsen,GES,Geschlecht,,Insgesamt,STAAG6,Staatsangehörigkeit,,Insgesamt,244415
12521,Ausländerstatistik,STAG,Stichtag,31.12.2021,DLAND,Bundesländer,14,Sachsen,GES,Geschlecht,,Insgesamt,STAAG6,Staatsangehörigkeit,ST124,Belgien,360
12521,Ausländerstatistik,STAG,Stichtag,31.12.2021,DLAND,Bundesländer,14,Sachsen,GES,Geschlecht,,Insgesamt,STAAG6,Staatsangehörigkeit,ST126,Dänemark,170
12521,Ausländerstatistik,STAG,Stichtag,31.12.2021,DLAND,Bundesländer,14,Sachsen,GES,Geschlecht,,Insgesamt,STAAG6,Staatsangehörigkeit,ST129,Frankreich,1830
12521,Ausländerstatistik,STAG,Stichtag,31.12.2021,DLAND,Bundesländer,14,Sachsen,GES,Geschlecht,,Insgesamt,STAAG6,Staatsangehörigkeit,ST148,Niederlande,1105
12521,Ausländerstatistik,STAG,Stichtag,31.12.2021,DLAND,Bundesländer,14,Sachsen,GES,Geschlecht,,Insgesamt,STAAG6,Staatsangehörigkeit,ST151,Österreich,1915
12521,Ausländerstatistik,STAG,Stichtag,31.12.2021,DLAND,Bundesländer,14,Sachsen,GES,Geschlecht,,Insgesamt,STAAG6,Staatsangehörigkeit,ST152,Polen,22040
12521,Ausländerstatistik,STAG,Stichtag,31.12.2021,DLAND,Bundesländer,14,Sachsen,GES,Geschlecht,,Insgesamt,STAAG6,Staatsangehörigkeit,ST158,Schweiz,795
12521,Ausländerstatistik,STAG,Stichtag,31.12.2021,DLAND,Bundesländer,14,Sachsen,GES,Geschlecht,,Insgesamt,STAAG6,Staatsangehörigkeit,ST164,Tschechien,8155
12521,Ausländerstatistik,STAG,Stichtag,31.12.2021,DLAND,Bundesländer,15,Sachsen-Anhalt,GES,Geschlecht,GESM,männlich,STAAG6,Staatsangehörigkeit,,Insgesamt,74650
12521,Ausländerstatistik,STAG,Stichtag,31.12.2021,DLAND,Bundesländer,15,Sachsen-Anhalt,GES,Geschlecht,GESM,männlich,STAAG6,Staatsangehörigkeit,ST124,Belgien,85
12521,Ausländerstatistik,STAG,Stichtag,31.12.2021,DLAND,Bundesländer,15,Sachsen-Anhalt,GES,Geschlecht,GESM,männlich,STAAG6,Staatsangehörigkeit,ST126,Dänemark,35
12521,Ausländerstatistik,STAG,Stichtag,31.12.2021,DLAND,Bundesländer,15,Sachsen-Anhalt,GES,Geschlecht,GESM,männlich,STAAG6,Staatsangehörigkeit,ST129,Frankreich,220
12521,Ausländerstatistik,STAG,Stichtag,31.12.2021,DLAND,Bundesländer,15,Sachsen-Anhalt,GES,Geschlecht,GESM,männlich,STAAG6,Staatsangehörigkeit,ST148,Niederlande,535
12521,Ausländerstatistik,STAG,Stichtag,31.12.2021,DLAND,Bundesländer,15,Sachsen-Anhalt,GES,Geschlecht,GESM,männlich,STAAG6,Staatsangehörigkeit,ST151,Österreich,390
12521,Ausländerstatistik,STAG,Stichtag,31.12.2021,DLAND,Bundesländer,15,Sachsen-Anhalt,GES,Geschlecht,GESM,männlich,STAAG6,Staatsangehörigkeit,ST152,Polen,7605
12521,Ausländerstatistik,STAG,Stichtag,31.12.2021,DLAND,Bundesländer,15,Sachsen-Anhalt,GES,Geschlecht,GESM,männlich,STAAG6,Staatsangehörigkeit,ST158,Schweiz,130
12521,Ausländerstatistik,STAG,Stichtag,31.12.2021,DLAND,Bundesländer,15,Sachsen-Anhalt,GES,Geschlecht,GESM,männlich,STAAG6,Staatsangehörigkeit,ST164,Tschechien,405
12521,Ausländerstatistik,STAG,Stichtag,31.12.2021,DLAND,Bundesländer,15,Sachsen-Anhalt,GES,Geschlecht,GESW,weiblich,STAAG6,Staatsangehörigkeit,,Insgesamt,53020
12521,Ausländerstatistik,STAG,Stichtag,31.12.2021,DLAND,Bundesländer,15,Sachsen-Anhalt,GES,Geschlecht,GESW,weiblich,STAAG6,Staatsangehörigkeit,ST124,Belgien,55
12521,Ausländerstatistik,STAG,Stichtag,31.12.2021,DLAND,Bundesländer,15,Sachsen-Anhalt,GES,Geschlecht,GESW,weiblich,STAAG6,Staatsangehörigkeit,ST126,Dänemark,30
12521,Ausländerstatistik,STAG,Stichtag,31.12.2021,DLAND,Bundesländer,15,Sachsen-Anhalt,GES,Geschlecht,GESW,weiblich,STAAG6,Staatsangehörigkeit,ST129,Frankreich,205
12521,Ausländerstatistik,STAG,Stichtag,31.12.2021,DLAND,Bundesländer,15,Sachsen-Anhalt,GES,Geschlecht,GESW,weiblich,STAAG6,Staatsangehörigkeit,ST148,Niederlande,260
12521,Ausländerstatistik,STAG,Stichtag,31.12.2021,DLAND,Bundesländer,15,Sachsen-Anhalt,GES,Geschlecht,GESW,weiblich,STAAG6,Staatsangehörigkeit,ST151,Österreich,280
12521,Ausländerstatistik,STAG,Stichtag,31.12.2021,DLAND,Bundesländer,15,Sachsen-Anhalt,GES,Geschlecht,GESW,weiblich,STAAG6,Staatsangehörigkeit,ST152,Polen,4620
12521,Ausländerstatistik,STAG,Stichtag,31.12.2021,DLAND,Bundesländer,15,Sachsen-Anhalt,GES,Geschlecht,GESW,weiblich,STAAG6,Staatsangehörigkeit,ST158,Schweiz,140
12521,Ausländerstatistik,STAG,Stichtag,31.12.2021,DLAND,Bundesländer,15,Sachsen-Anhalt,GES,Geschlecht,GESW,weiblich,STAAG6,Staatsangehörigkeit,ST164,Tschechien,455
12521,Ausländerstatistik,STAG,Stichtag,31.12.2021,DLAND,Bundesländer,15,Sachsen-Anhalt,GES,Geschlecht,,Insgesamt,STAAG6,Staatsangehörigkeit,,Insgesamt,127670
12521,Ausländerstatistik,STAG,Stichtag,31.12.2021,DLAND,Bundesländer,15,Sachsen-Anhalt,GES,Geschlecht,,Insgesamt,STAAG6,Staatsangehörigkeit,ST124,Belgien,140
12521,Ausländerstatistik,STAG,Stichtag,31.12.2021,DLAND,Bundesländer,15,Sachsen-Anhalt,GES,Geschlecht,,Insgesamt,STAAG6,Staatsangehörigkeit,ST126,Dänemark,65
12521,Ausländerstatistik,STAG,Stichtag,31.12.2021,DLAND,Bundesländer,15,Sachsen-Anhalt,GES,Geschlecht,,Insgesamt,STAAG6,Staatsangehörigkeit,ST129,Frankreich,425
12521,Ausländerstatistik,STAG,Stichtag,31.12.2021,DLAND,Bundesländer,15,Sachsen-Anhalt,GES,Geschlecht,,Insgesamt,STAAG6,Staatsangehörigkeit,ST148,Niederlande,795
12521,Ausländerstatistik,STAG,Stichtag,31.12.2021,DLAND,Bundesländer,15,Sachsen-Anhalt,GES,Geschlecht,,Insgesamt,STAAG6,Staatsangehörigkeit,ST151,Österreich,670
12521,Ausländerstatistik,STAG,Stichtag,31.12.2021,DLAND,Bundesländer,15,Sachsen-Anhalt,GES,Geschlecht,,Insgesamt,STAAG6,Staatsangehörigkeit,ST152,Polen,12225
12521,Ausländerstatistik,STAG,Stichtag,31.12.2021,DLAND,Bundesländer,15,Sachsen-Anhalt,GES,Geschlecht,,Insgesamt,STAAG6,Staatsangehörigkeit,ST158,Schweiz,265
12521,Ausländerstatistik,STAG,Stichtag,31.12.2021,DLAND,Bundesländer,15,Sachsen-Anhalt,GES,Geschlecht,,Insgesamt,STAAG6,Staatsangehörigkeit,ST164,Tschechien,855
12521,Ausländerstatistik,STAG,Stichtag,31.12.2021,DLAND,Bundesländer,01,Schleswig-Holstein,GES,Geschlecht,GESM,männlich,STAAG6,Staatsangehörigkeit,,Insgesamt,153980
12521,Ausländerstatistik,STAG,Stichtag,31.12.2021,DLAND,Bundesländer,01,Schleswig-Holstein,GES,Geschlecht,GESM,männlich,STAAG6,Staatsangehörigkeit,ST124,Belgien,225
12521,Ausländerstatistik,STAG,Stichtag,31.12.2021,DLAND,Bundesländer,01,Schleswig-Holstein,GES,Geschlecht,GESM,männlich,STAAG6,Staatsangehörigkeit,ST126,Dänemark,3340
12521,Ausländerstatistik,STAG,Stichtag,31.12.2021,DLAND,Bundesländer,01,Schleswig-Holstein,GES,Geschlecht,GESM,männlich,STAAG6,Staatsangehörigkeit,ST129,Frankreich,795
12521,Ausländerstatistik,STAG,Stichtag,31.12.2021,DLAND,Bundesländer,01,Schleswig-Holstein,GES,Geschlecht,GESM,männlich,STAAG6,Staatsangehörigkeit,ST148,Niederlande,1280
12521,Ausländerstatistik,STAG,Stichtag,31.12.2021,DLAND,Bundesländer,01,Schleswig-Holstein,GES,Geschlecht,GESM,männlich,STAAG6,Staatsangehörigkeit,ST151,Österreich,1510
12521,Ausländerstatistik,STAG,Stichtag,31.12.2021,DLAND,Bundesländer,01,Schleswig-Holstein,GES,Geschlecht,GESM,männlich,STAAG6,Staatsangehörigkeit,ST152,Polen,15820
12521,Ausländerstatistik,STAG,Stichtag,31.12.2021,DLAND,Bundesländer,01,Schleswig-Holstein,GES,Geschlecht,GESM,männlich,STAAG6,Staatsangehörigkeit,ST158,Schweiz,485
12521,Ausländerstatistik,STAG,Stichtag,31.12.2021,DLAND,Bundesländer,01,Schleswig-Holstein,GES,Geschlecht,GESM,männlich,STAAG6,Staatsangehörigkeit,ST164,Tschechien,210
12521,Ausländerstatistik,STAG,Stichtag,31.12.2021,DLAND,Bundesländer,01,Schleswig-Holstein,GES,Geschlecht,GESW,weiblich,STAAG6,Staatsangehörigkeit,,Insgesamt,132295
12521,Ausländerstatistik,STAG,Stichtag,31.12.2021,DLAND,Bundesländer,01,Schleswig-Holstein,GES,Geschlecht,GESW,weiblich,STAAG6,Staatsangehörigkeit,ST124,Belgien,210
12521,Ausländerstatistik,STAG,Stichtag,31.12.2021,DLAND,Bundesländer,01,Schleswig-Holstein,GES,Geschlecht,GESW,weiblich,STAAG6,Staatsangehörigkeit,ST126,Dänemark,3680
12521,Ausländerstatistik,STAG,Stichtag,31.12.2021,DLAND,Bundesländer,01,Schleswig-Holstein,GES,Geschlecht,GESW,weiblich,STAAG6,Staatsangehörigkeit,ST129,Frankreich,985
12521,Ausländerstatistik,STAG,Stichtag,31.12.2021,DLAND,Bundesländer,01,Schleswig-Holstein,GES,Geschlecht,GESW,weiblich,STAAG6,Staatsangehörigkeit,ST148,Niederlande,965
12521,Ausländerstatistik,STAG,Stichtag,31.12.2021,DLAND,Bundesländer,01,Schleswig-Holstein,GES,Geschlecht,GESW,weiblich,STAAG6,Staatsangehörigkeit,ST151,Österreich,1610
12521,Ausländerstatistik,STAG,Stichtag,31.12.2021,DLAND,Bundesländer,01,Schleswig-Holstein,GES,Geschlecht,GESW,weiblich,STAAG6,Staatsangehörigkeit,ST152,Polen,13580
12521,Ausländerstatistik,STAG,Stichtag,31.12.2021,DLAND,Bundesländer,01,Schleswig-Holstein,GES,Geschlecht,GESW,weiblich,STAAG6,Staatsangehörigkeit,ST158,Schweiz,625
12521,Ausländerstatistik,STAG,Stichtag,31.12.2021,DLAND,Bundesländer,01,Schleswig-Holstein,GES,Geschlecht,GESW,weiblich,STAAG6,Staatsangehörigkeit,ST164,Tschechien,355
12521,Ausländerstatistik,STAG,Stichtag,31.12.2021,DLAND,Bundesländer,01,Schleswig-Holstein,GES,Geschlecht,,Insgesamt,STAAG6,Staatsangehörigkeit,,Insgesamt,286270
12521,Ausländerstatistik,STAG,Stichtag,31.12.2021,DLAND,Bundesländer,01,Schleswig-Holstein,GES,Geschlecht,,Insgesamt,STAAG6,Staatsangehörigkeit,ST124,Belgien,440
12521,Ausländerstatistik,STAG,Stichtag,31.12.2021,DLAND,Bundesländer,01,Schleswig-Holstein,GES,Geschlecht,,Insgesamt,STAAG6,Staatsangehörigkeit,ST126,Dänemark,7020
12521,Ausländerstatistik,STAG,Stichtag,31.12.2021,DLAND,Bundesländer,01,Schleswig-Holstein,GES,Geschlecht,,Insgesamt,STAAG6,Staatsangehörigkeit,ST129,Frankreich,1780
12521,Ausländerstatistik,STAG,Stichtag,31.12.2021,DLAND,Bundesländer,01,Schleswig-Holstein,GES,Geschlecht,,Insgesamt,STAAG6,Staatsangehörigkeit,ST148,Niederlande,2245
12521,Ausländerstatistik,STAG,Stichtag,31.12.2021,DLAND,Bundesländer,01,Schleswig-Holstein,GES,Geschlecht,,Insgesamt,STAAG6,Staatsangehörigkeit,ST151,Österreich,3120
12521,Ausländerstatistik,STAG,Stichtag,31.12.2021,DLAND,Bundesländer,01,Schleswig-Holstein,GES,Geschlecht,,Insgesamt,STAAG6,Staatsangehörigkeit,ST152,Polen,29395
12521,Ausländerstatistik,STAG,Stichtag,31.12.2021,DLAND,Bundesländer,01,Schleswig-Holstein,GES,Geschlecht,,Insgesamt,STAAG6,Staatsangehörigkeit,ST158,Schweiz,1110
12521,Ausländerstatistik,STAG,Stichtag,31.12.2021,DLAND,Bundesländer,01,Schleswig-Holstein,GES,Geschlecht,,Insgesamt,STAAG6,Staatsangehörigkeit,ST164,Tschechien,565
12521,Ausländerstatistik,STAG,Stichtag,31.12.2021,DLAND,Bundesländer,16,Thüringen,GES,Geschlecht,GESM,männlich,STAAG6,Staatsangehörigkeit,,Insgesamt,71770
12521,Ausländerstatistik,STAG,Stichtag,31.12.2021,DLAND,Bundesländer,16,Thüringen,GES,Geschlecht,GESM,männlich,STAAG6,Staatsangehörigkeit,ST124,Belgien,75
12521,Ausländerstatistik,STAG,Stichtag,31.12.2021,DLAND,Bundesländer,16,Thüringen,GES,Geschlecht,GESM,männlich,STAAG6,Staatsangehörigkeit,ST126,Dänemark,40
12521,Ausländerstatistik,STAG,Stichtag,31.12.2021,DLAND,Bundesländer,16,Thüringen,GES,Geschlecht,GESM,männlich,STAAG6,Staatsangehörigkeit,ST129,Frankreich,280
12521,Ausländerstatistik,STAG,Stichtag,31.12.2021,DLAND,Bundesländer,16,Thüringen,GES,Geschlecht,GESM,männlich,STAAG6,Staatsangehörigkeit,ST148,Niederlande,385
12521,Ausländerstatistik,STAG,Stichtag,31.12.2021,DLAND,Bundesländer,16,Thüringen,GES,Geschlecht,GESM,männlich,STAAG6,Staatsangehörigkeit,ST151,Österreich,435
12521,Ausländerstatistik,STAG,Stichtag,31.12.2021,DLAND,Bundesländer,16,Thüringen,GES,Geschlecht,GESM,männlich,STAAG6,Staatsangehörigkeit,ST152,Polen,7650
12521,Ausländerstatistik,STAG,Stichtag,31.12.2021,DLAND,Bundesländer,16,Thüringen,GES,Geschlecht,GESM,männlich,STAAG6,Staatsangehörigkeit,ST158,Schweiz,135
12521,Ausländerstatistik,STAG,Stichtag,31.12.2021,DLAND,Bundesländer,16,Thüringen,GES,Geschlecht,GESM,männlich,STAAG6,Staatsangehörigkeit,ST164,Tschechien,870
12521,Ausländerstatistik,STAG,Stichtag,31.12.2021,DLAND,Bundesländer,16,Thüringen,GES,Geschlecht,GESW,weiblich,STAAG6,Staatsangehörigkeit,,Insgesamt,54500
12521,Ausländerstatistik,STAG,Stichtag,31.12.2021,DLAND,Bundesländer,16,Thüringen,GES,Geschlecht,GESW,weiblich,STAAG6,Staatsangehörigkeit,ST124,Belgien,60
12521,Ausländerstatistik,STAG,Stichtag,31.12.2021,DLAND,Bundesländer,16,Thüringen,GES,Geschlecht,GESW,weiblich,STAAG6,Staatsangehörigkeit,ST126,Dänemark,25
12521,Ausländerstatistik,STAG,Stichtag,31.12.2021,DLAND,Bundesländer,16,Thüringen,GES,Geschlecht,GESW,weiblich,STAAG6,Staatsangehörigkeit,ST129,Frankreich,230
12521,Ausländerstatistik,STAG,Stichtag,31.12.2021,DLAND,Bundesländer,16,Thüringen,GES,Geschlecht,GESW,weiblich,STAAG6,Staatsangehörigkeit,ST148,Niederlande,220
12521,Ausländerstatistik,STAG,Stichtag,31.12.2021,DLAND,Bundesländer,16,Thüringen,GES,Geschlecht,GESW,weiblich,STAAG6,Staatsangehörigkeit,ST151,Österreich,355
12521,Ausländerstatistik,STAG,Stichtag,31.12.2021,DLAND,Bundesländer,16,Thüringen,GES,Geschlecht,GESW,weiblich,STAAG6,Staatsangehörigkeit,ST152,Polen,5560
12521,Ausländerstatistik,STAG,Stichtag,31.12.2021,DLAND,Bundesländer,16,Thüringen,GES,Geschlecht,GESW,weiblich,STAAG6,Staatsangehörigkeit,ST158,Schweiz,140
12521,Ausländerstatistik,STAG,Stichtag,31.12.2021,DLAND,Bundesländer,16,Thüringen,GES,Geschlecht,GESW,weiblich,STAAG6,Staatsangehörigkeit,ST164,Tschechien,850
12521,Ausländerstatistik,STAG,Stichtag,31.12.2021,DLAND,Bundesländer,16,Thüringen,GES,Geschlecht,,Insgesamt,STAAG6,Staatsangehörigkeit,,Insgesamt,126270
12521,Ausländerstatistik,STAG,Stichtag,31.12.2021,DLAND,Bundesländer,16,Thüringen,GES,Geschlecht,,Insgesamt,STAAG6,Staatsangehörigkeit,ST124,Belgien,130
12521,Ausländerstatistik,STAG,Stichtag,31.12.2021,DLAND,Bundesländer,16,Thüringen,GES,Geschlecht,,Insgesamt,STAAG6,Staatsangehörigkeit,ST126,Dänemark,60
12521,Ausländerstatistik,STAG,Stichtag,31.12.2021,DLAND,Bundesländer,16,Thüringen,GES,Geschlecht,,Insgesamt,STAAG6,Staatsangehörigkeit,ST129,Frankreich,510
12521,Ausländerstatistik,STAG,Stichtag,31.12.2021,DLAND,Bundesländer,16,Thüringen,GES,Geschlecht,,Insgesamt,STAAG6,Staatsangehörigkeit,ST148,Niederlande,605
12521,Ausländerstatistik,STAG,Stichtag,31.12.2021,DLAND,Bundesländer,16,Thüringen,GES,Geschlecht,,Insgesamt,STAAG6,Staatsangehörigkeit,ST151,Österreich,785
12521,Ausländerstatistik,STAG,Stichtag,31.12.2021,DLAND,Bundesländer,16,Thüringen,GES,Geschlecht,,Insgesamt,STAAG6,Staatsangehörigkeit,ST152,Polen,13210
12521,Ausländerstatistik,STAG,Stichtag,31.12.2021,DLAND,Bundesländer,16,Thüringen,GES,Geschlecht,,Insgesamt,STAAG6,Staatsangehörigkeit,ST158,Schweiz,275
12521,Ausländerstatistik,STAG,Stichtag,31.12.2021,DLAND,Bundesländer,16,Thüringen,GES,Geschlecht,,Insgesamt,STAAG6,Staatsangehörigkeit,ST164,Tschechien,1715
